placeName,city,rate,numRate,category,address,openHour,closeHour,Place ID
Lampung Walk,Bandar Lampung,4.5,10.885,Sports & Recreation / Tourist attraction,"Jl. Urip Sumoharjo No.61, Way Halim Permai, Kec. Way Halim, Kota Bandar Lampung",8:00 AM,12:00 AM,ChIJ-SnKShHbQC4RnXQH9IjmrHo
Museum Lampung (Ruwa Jurai),Bandar Lampung,4.5,3.075,Museum / Tourist attraction,"Jl. ZA. Pagar Alam No.64, Rajabasa, Kec. Rajabasa, Kota Bandar Lampung",8:00 AM,3:00 PM,ChIJ5Wnd2LXaQC4Rv2QM417hadc
Bumi Kedaton Resort,Bandar Lampung,4.4,255,Tourist attraction,"JL. WA Rahman No.1 2, RW.3, Batu Putuk, Kec. Tlk. Betung Utara, Kota Bandar Lampung, Lampung 35239, Indonesia",8:00 AM,5:00 PM,ChIJCQt-3gjaQC4RxYCERRFawLg
Farm Day Mountain Side,Bandar Lampung,4.6,38,Tourist attraction / Agrotourism,"Jl. Wan Abdurrahman, Hutan, Kec. Hutan, Kota Bandar Lampung, Lampung 35158, Indonesia",8:00 AM,5:00 PM,ChIJ9ZJoSQDRQC4RLOkzL7tFPD0
Taman Wisata Hutan Kera (Monkey Forest),Bandar Lampung,4.4,556,Tourist attraction / Park,"H789+GPQ, Jl. Dr. Ciptomangunkusumo, Sumur Batu, Kec. Tlk. Betung Utara, Kota Bandar Lampung, Lampung 35212, Indonesia",24 Hours,24 Hours,ChIJOUwCpTTaQC4RXy8TE3kczEU
Puncak Mas,Bandar Lampung,4.3,13.027,Tourist attraction,"H6HH+Q36, Jl. H. Hamim RJP, Sukadana Ham, Kec. Tj. Karang Bar., Kota Bandar Lampung, Lampung 35215, Indonesia",8:00 AM,10:00 PM,ChIJW8B8_HDaQC4RCr0rInFVx0U
Teropong Kota Bukit Sindy,Bandar Lampung,4.2,4.547,Tourist attraction,"H7W3+564, Jl. Tamin, Pasir Gintung, Kec. Tj. Karang Pusat, Kota Bandar Lampung, Lampung 35121, Indonesia",24 Hours,24 Hours,ChIJC0q3c_faQC4RrvCviWwZgCM
Lengkung Langit 2,Bandar Lampung,4.5,2.071,Tourist attraction,"Jl. Wan Abdurrahman, Sumber Agung, Kec. Kemiling, Kota Bandar Lampung, Lampung 35156, Indonesia",8:00 AM,7:00 PM,ChIJj0S_r7fRQC4RXqCxzhylc78
Taman Wisata Lembah Hijau,Bandar Lampung,4.3,5.783,Tourist attraction / Water park & Zoo,"H6PJ+5VQ, Jl. Raden Imba Kusuma Ratu, Sukadana Ham, Kec. Tj. Karang Bar., Kota Bandar Lampung, Lampung 35116, Indonesia",8:00 AM,4:00 PM,ChIJY2XAwGTaQC4RQ3mFBQMG7xI
Bukit Sakura Kemiling,Bandar Lampung,4.3,4.808,Tourist attraction,"H6WF+74P, Jl. Batukalam, Langkapura, Kec. Langkapura, Kota Bandar Lampung, Lampung 35115, Indonesia",8:00 AM,9:00 PM,ChIJR8tWbYHaQC4RPx61xOjVwa0
Taman Kota Lungsir,Bandar Lampung,4.5,8.067,Park / Tourist attraction,"Jalan Dokter Susilo, Sumur Batu, Kec. Tlk. Betung Utara, Kota Bandar Lampung, Lampung 35214, Indonesia",24 Hours,24 Hours,ChIJZ7gc3TXaQC4Ra8ZDruRIRPw
Pentas Satwa Lembah Hijau,Bandar Lampung,4.6,328,Tourist attraction,"Kawasan Lembah Hijau, Jl. Raden Imba Kusuma Ratu, Kota Bandar Lampung",8:00 AM,5:00 PM,ChIJqTP3TW3bQC4RY3c6du0M7-o
Bukit AsLan,Bandar Lampung,4.5,1.931,Tourist attraction,"Jl. Bukit Aslan No.2, Way Gubak, Kec. Sukabumi, Kota Bandar Lampung, Lampung 35244, Indonesia",2:00 PM,10:00 PM,ChIJxaX3QGfbQC4RChvKhZ_-TFw
Camping Bukit AsLan,,,,,"H8M6+PP, Campang Raya, Sukabumi, Bandar Lampung City, Lampung 35244, Indonesia",,,ChIJ5acfeQDbQC4RPwENUNgD964
Water Park Lembah Hijau,Bandar Lampung,4.2,1.013,Water park / Tourist attraction,"H6PJ+5VQ, Jl. Raden Imba Kusuma Ratu, Sukadana Ham, Kec. Tj. Karang Bar., Kota Bandar Lampung, Lampung 35116, Indonesia",8:00 AM,4:00 PM,ChIJY2XAwGTaQC4RQ3mFBQMG7xI
Pantai Klara Pesawaran,Bandar Lampung,4.4,3.834,Tourist attraction / Beach,"Jl. Raya Way Ratai No.99, Gebang, Kec. Padang Cermin, Kab. Pesawaran",7:00 AM,6:00 PM,ChIJ78NZ244oQS4RzIOje12qB4I
Teluk betung timur kuburan cina,Bandar Lampung,4.4,1.171,Tourist attraction,"Sukajaya Lempasing, Telukbetung Timur, Bandar Lampung City, Lampung 35236, Indonesia",8:00 AM,10:00 PM,ChIJMRVNdwDZQC4RMnUXNlNqhUc
Taman Kupu-Kupu Gita Persada,Bandar Lampung,4.2,575,Tourist attraction / Nature Reserve,"Taman Kupu-kupu Gita Persada, Jl. Wan Abdurrahman, Hutan, Kec. Hutan, Kota Bandar Lampung, Lampung 35158, Indonesia",8:00 AM,5:00 PM,ChIJMZ8KQe7QQC4RFzkf0zgXVa8
Vihara Thay Hin Bio,Bandar Lampung,4.8,442,Cultural attraction / Place of worship,"Jl. Ikan Kakap No.35, Pesawah, Kec. Telukbetung Selatan, Kota Bandar Lampung",7:00 AM,6:00 PM,ChIJ1bxPRYDZQC4Rf0LASUIhRb0
"PENANGKARAN RUSA TAHURA WAN ABDUL RACHMAN LAMPUNG
",Bandar Lampung,4.4,1.115,Tourist attraction / Nature Reserve,"Jl. Wan Abdurrahman, Sumber Agung, Kec. Kemiling, Kabupaten Pesawaran, Lampung 35156, Indonesia",8:00 AM,5:00 PM,ChIJqVnn6e_QQC4R8oRLcdcBVU0
Danau Gupid Gadingrejo,Bandar Lampung,4,390,Tourist attraction / Nature,"Mataram, Gading Rejo, Pringsewu Regency, Lampung, Indonesia",24 Hours,24 Hours,ChIJA6naBinNQC4RpM6F_v1jwKc
Al-Furqon Great Mosque,Bandar Lampung,4.8,5.563,Religious attraction / Landmark,"Jl. Diponegoro, Gulak Galik, Kec. Tlk. Betung Utara, Kota Bandar Lampung, Lampung 35212, Indonesia",24 Hours,24 Hours,ChIJu9d-cTbaQC4R6VSR4HnNLUs
Pulau Kelagian Lunik,Bandar Lampung,4.7,1.043,Tourist attraction / Island Beach," Gebang, Padang Cermin, Pesawaran Regency, Lampung, Indonesia",24 Hours,24 Hours,ChIJI7jeW7klQS4RUkDKZ4G4owI
Pungki Park (Wisata Edukasi),Bandar Lampung,4.4,71,Park / Educational attraction,"Way Harong, Way Lima, Pesawaran Regency, Lampung 35366, Indonesia",8:00 AM,4:00 PM,ChIJ5ROiCPEtRy4Ru6HLXGs_zMg
Taman Dipangga,Bandar Lampung,4.4,1.154,Park / Historical attraction,"Jalan Lampung Jaya, RW.1, Harapan Jaya, Kec. Sukarame, Kota Bandar Lampung, Lampung 35131, Indonesia",4:30 PM,10:00 PM,ChIJ-9rqSSraQC4Rtw88bMkdLrg
Kyokko Beach,Bandar Lampung,4.6,2.288,Tourist attraction / Beach,"Hurun, Padang Cermin, Pesawaran Regency, Lampung, Indonesia",7:00 AM,10:00 PM,ChIJozlEDADZQC4RfC7VBOXya8s
D'Rajash Beach Lampung,Bandar Lampung,4.4,33,Tourist attraction / Beach,"Jl. Raya Way Ratai KM. 14, Kec. Teluk Pandan, Kab. Pesawaran",24 Hours,24 Hours,ChIJTdall-gnQS4R1zE-qB_0jQI
Bukit Alam Pujorahayu,Bandar Lampung,3.9,18,Tourist attraction,"M3C6+5GQ, Pujorahayu, Negeri Katon, Pesawaran Regency, Lampung 35372, Indonesia",8:00 AM,8:00 PM,ChIJpbUshRnNQC4R43Fd9Uwpby4
Situs Batu Bedil,Bandar Lampung,4.4,89,Historical site / Cultural attraction,"MPQ2+HQP, Jalan Raya, Tekad, Kec. Pulau Panggung, Kabupaten Tanggamus, Lampung 35679, Indonesia",8:00 AM,5:00 PM,ChIJN7FBSRM8Ry4RmZbSV_tvXcY
Muncak Pas,Bandar Lampung,4.4,459,Tourist attraction,"G63G+WM2 Desa Munca, Hanura, Kec. Padang Cermin, Kabupaten Pesawaran, Lampung 35453, Indonesia",8:00 AM,6:00 PM,ChIJpeAWyi7YQC4Rak5EjGvoJSU
Taman Andan Jejama,Bandar Lampung,4.3,136,Park / Tourist attraction,"J32C+95F, Waylayap, Gedong Tataan, Pesawaran Regency, Lampung 35366, Indonesia",8:00 AM,9:00 PM,ChIJpeFtB_HSQC4RROjb2WvvEXU
Gunung Abang,Bandar Lampung,4.6,67,Tourist attraction / Nature,"Dusun Sangu Banyu, Desa, M3WC+7W9, Lumbi Rejo, Kec. Negeri Katon, Kabupaten Pesawaran, Lampung 35353, Indonesia",24 Hours,24 Hours,ChIJAxR_x47MQC4RSxjjKQwixUE
Kali Batu Bolong,Bandar Lampung,5,1,Tourist attraction,"M567+MG, Hutan, Negeri Katon, Pesawaran Regency, Lampung 35366, Indonesia",24 Hours,24 Hours,ChIJPShrL2HPQC4R0U3gkKLK93g
Wisata Embung Desa Purworejo,Bandar Lampung,4.1,82,Tourist attraction,"Jl. Bupati Suryo, Desa Purworejo, Kec. Negeri Katon, Kabupaten Pesawaran, Lampung 35353, Indonesia",8:00 AM,8:00 PM,ChIJdZ9nkHbNQC4RvG8xS7pMghk
Puncak Desa Wisata Pujorahayu,Bandar Lampung,4.4,56,Tourist attraction,"M386+5H2, Pujorahayu, Negeri Katon, Pesawaran Regency, Lampung 35372, Indonesia",8:00 AM,6:00 PM,ChIJ7ZROnB7NQC4RiZLVS0roe_g
Waduk Sangu Banyu,Bandar Lampung,4,4,Tourist attraction,"Unnamed Road, M3RF+6HH, Lumbi Rejo, Kec. Negeri Katon, Kabupaten Pesawaran, Lampung 35353, Indonesia",24 Hours,24 Hours,ChIJMRzJrxvNQC4RfOtBu_qMfW4
Taman Kunang-kunang Banding Agung,Bandar Lampung,4,6,Tourist attraction / Park,"Unnamed Road, 74JR+7M8, Batu Raja, Punduh Pidada, Pesawaran Regency, Lampung 35453, Indonesia",6:00 PM,11:00 PM,ChIJTwWM0iExQS4RpxR8SjpwP4w
Pantai Duta Wisata,Bandar Lampung,764,3.8,Beach,"Pantai Duta Wisata, Jl. Laksamana R.E.Martadinata, Kec. Tlk. Betung Bar., Lampung 35236, Indonesia",-,-,ChIJsQGr77rZQC4RUqceH_Mvg2c
Pantai Pulau Permata,Bandar Lampung,248,4.1,Beach,"Pantai Pulau Permata, Jl. Laksamana R.E.Martadinata No.35451, Sukajaya Lempasing, Kec. Padang Cermin, Kota Bandar Lampung, Lampung 35236, Indonesia",-,-,ChIJF1OnELPZQC4RNu7z_MSug-8
Tiska Beach,Bandar Lampung,1440,4,Tourist attraction,"AH25 No.32, Srengsem, Kec. Panjang, Kota Bandar Lampung, Lampung, Indonesia",-,10.00 pm,ChIJAfOwQprfQC4R3H7fAdJy2K4
Pantai Sukaraja Lampung,Bandar Lampung,65,4,Tourist attraction,"H73Q+XJ9, Sukaraja, Bumi Waras, Bandar Lampung City, Lampung, Indonesia",-,-,ChIJx161r2_bQC4REcDT6b1aMb0
Gunung Kunyit Beach View,Bandar Lampung,413,4.2,Public beach,"H72J+9QG, Jl. Ikan Terbang, Bumi Waras, Kec. Telukbetung Selatan, Kota Bandar Lampung, Lampung, Indonesia",Open 24 hours,Open 24 hours,ChIJn45W5grZQC4RFeMhcNT7DQo
Pantai Srengsem KAI,Bandar Lampung,89,4.1,Tourist attraction,"AH25 No.32, Srengsem, Kec. Panjang, Kota Bandar Lampung, Lampung, Indonesia",-,8.00 pm,ChIJk9AJDiXfQC4Rdb8sq-9Qg8s
Pantai sukamaju indah,Bandar Lampung,22,3.9,Tourist attraction,"G7M2+58, Sukamaju, Telukbetung Timur, Bandar Lampung City, Lampung, Indonesia",-,10.00 pm,ChIJew1J36LZQC4RJHyRpEQCxyY
Pantai Puri Gading,Bandar Lampung,230,3.7,Recreation center,"G6HX+MX2, Jl. Laksamana R.E.Martadinata, Sukamaju, Kec. Tlk. Betung Bar., Kota Bandar Lampung, Lampung 35231, Indonesia",-,5.00 pm,ChIJ5cAu7JDZQC4RwO1s2s3O4HU
Pantai Greasia,Bandar Lampung,9,4.3,Beach,"Pantai Greasia, Indonesia",-,-,ChIJYWSKvz_fQC4Rv7xjVtk2KFQ
Pantai Gunung Kunyit,Bandar Lampung,38,3.8,Coast guard station,"H73M+43W, Jl. Ikan Terbang, Bumi Waras, Kec. Telukbetung Selatan, Kota Bandar Lampung, Lampung, Indonesia",Open 24 hours,Open 24 hours,ChIJXY8e1cXbQC4RQah7kXgXfck
PANTAI BERENANG GUNUNG KUNYIT,Bandar Lampung,3,4.7,Tourist attraction,"H72J+9C, Bumi Waras, Bandar Lampung City, Lampung, Indonesia",-,-,ChIJwfbqAgDZQC4Rtw8IS3nGpHk
pantai duta wisata,Bandar Lampung,15,3.9,Beach entertainment shop,"Pantai Duta Wisata, Jl. Laksamana R.E.Martadinata, Kec. Tlk. Betung Bar., Lampung 35236, Indonesia",-,-,ChIJsQGr77rZQC4RUqceH_Mvg2c
Penyeberangan Pulau Permata Beach,Bandar Lampung,9,4.8,Tourist attraction,"Pantai Pulau Permata, 35451, Jl. Laksamana R.E.Martadinata, Sukajaya Lempasing, Kec. Padang Cermin, Kota Bandar Lampung, Lampung 35236, Indonesia",Open 24 hours,Open 24 hours,ChIJsa0CZK_ZQC4RRAhOEkpbiBY
Pantai Gracia Panjang,Bandar Lampung,17,4.1,Public beach,"jl. soekarno hatta km No, F8WM+2VP, 13, Srengsem, Kec. Panjang, Kota Bandar Lampung, Lampung, Indonesia",-,-,ChIJgUTTsD_fQC4RwQ5vhp2IVVY
Tangkil Beach,Bandar Lampung,,,,"F7Q9+PMG, Tangkil Beach, Sukajaya Lempasing, Kec. Padang Cermin, Kota Bandar Lampung, Lampung, Indonesia",,,ChIJwVt8_YrYQC4RCZPQo3pxW7I
"BATU LAPIS Sumber Agung",,,,,"H5G9+XG3 Tahura Wan Abdul Rahman, Sumber Agung, Kec. Kemiling, Kota Bandar Lampung, Lampung 35156, Indonesia",,,ChIJSzmMFzzRQC4R64lgdgZXm00
SENJA MALAKA (DERMAGA KASIH),Bandar Lampung,353,4.4,Tourist attraction,"Jl. Selat Malaka V kp No.75, Tlk. Jaya, Kec. Panjang, Kota Bandar Lampung, Lampung 35243, Indonesia",-,-,ChIJ6dcGb8TfQC4RfFztD2RPX2g
Cemara BeacCemara Beach Henni Halom Pekon Pagar Dalamh,Lampung Selatan,4.7,387,Tourist attraction / Beach,"Desa Merak Belatung, Kec. Kalianda, Kab. Lampung SelatanP245+R8, Tanjung Jati, South Pesisir, West Pesisir Regency, Lampung 34875, Indonesia",8:00 AM,7:00 PM,ChIJpzZIywO9Ry4RWFaGI92mmrU
Pantai eMBe Beach (Grand Elty Krakatoa),Lampung Selatan,4.4,1.407,Tourist attraction / Beach,"Kawasan Krakatoa Nirwana Resort, Jl. Trans Sumatra, Desa No.Km. 45, Merak Belantung, Kec. Kalianda, Kabupaten Lampung Selatan, Lampung 35511, Indonesia",8:00 AM,4:30 PM,ChIJ-aps0W8aQS4R2uR9d3Ln-xw
Pemandian Air Panas Way Belerang,Lampung Selatan,4.3,1.124,Tourist attraction / Thermal Bath,"7J23+PPV, Gg. Nunyai, Sumur Kumbang, Kec. Kalianda, Kabupaten Lampung Selatan, Lampung 35551, Indonesia",8:00 AM,6:00 PM,ChIJwQRLZdgRQS4RknDvmc1aveU
Pantai Setigi Heni,Lampung Selatan,4.8,1.97,Tourist attraction / Beach,"Canggung, Kalianda, South Lampung Regency, Lampung 35552, Indonesia",8:00 AM,7:00 PM,ChIJ-40vrG0SQS4ROP9v2MyPsJY
DAYN Waterboom,Lampung Selatan,4.1,301,Tourist attraction / Water park,"Merak Belantung, Kalianda, South Lampung Regency, Lampung 35551, Indonesia",8:00 AM,5:00 PM,ChIJp0VCjAEbQS4ReTeASqf_8Ps
Pantai Aruna,Lampung Selatan,4.3,401,Tourist attraction / Beach,"Dusun Muing, Kec. Kalianda, Lampung 35551, Indonesia",24 Hours,24 Hours,ChIJd37VDvAbQS4R3hbVQDFqdaw
Air Terjun Way Kalam,Lampung Selatan,4.6,141,Tourist attraction / Waterfall,"Way Kalam, Penengahan, South Lampung Regency, Lampung 35592, Indonesia",24 Hours,24 Hours,ChIJvYV9ub0NQS4RpRnuTUSJSk0
Gerbang Utama ~ Rio by the Beach,Lampung Selatan,4.6,2.937,Tourist attraction / Beach Resort,"8GM8+FR, Bulok, Kalianda, South Lampung Regency, Lampung 35551, Indonesia",8:00 AM,8:00 PM,ChIJvQoCIAAbQS4RASgJgitFeR8
Pantai gucibatukapal Campingwisata beach nature,Lampung Selatan,4.3,450,Tourist attraction / Beach & Campsite,"Jl. Pesisir, Maja, Kec. Kalianda, Kabupaten Lampung Selatan, Lampung 35551, Indonesia",8:00 AM,5:00 PM,ChIJe0-rfvkRQS4R9UY6HXtz0fk
Wisata Gunung Batu,Lampung Selatan,4.4,350,Tourist attraction / Nature,"JMHH+G53, Margoyoso, Sumberejo, Tanggamus Regency, Lampung 35679, Indonesia",24 Hours,24 Hours,ChIJCTSkIQA9Ry4RdjCMaWRTlys
Bukit Pematang Sunrise,Lampung Selatan,4.5,162,Tourist attraction / Viewpoint,"4PHG+VJC, Bakauheni, South Lampung Regency, Lampung 35592, Indonesia",24 Hours,24 Hours,ChIJQWT-RVR1QS4RbE-YKlw286c
"Pantai MiPantai Minangrua Bahari Desa Kelawi, Bakauheninang Rua",Lampung Selatan,4.3,64,Tourist attraction / Beach,"Pantai Minangrua Bahari Desa Kelawi, Bakauheni, Kelawi, Kec. Bakauheni, Kabupaten Lampung Selatan, Lampung 35592, Indonesia",24 Hours,24 Hours,ChIJlziLIcF0QS4Rp25kMW-n34g
Menara Siger,Lampung Selatan,4.4,9.228,Tourist attraction / Cultural Landmark,"Jl. Lintas Sumatera, Bakauheni, Kec. Bakauheni, Kabupaten Lampung Selatan, Lampung 35592, Indonesia",24 Hours,24 Hours,ChIJRYtI9yhQFAURY8JgvnSNfUQ
Pantai Bagoes (Bagus),Lampung Selatan,4.2,60,Tourist attraction / Beach,"8HM3+2WG, Merak Belantung, Kalianda, South Lampung Regency, Lampung 35551, Indonesia",8:00 AM,6:00 PM,ChIJT7kz8JgbQS4RQIFGDneHtKU
Waterfall Way Tayas,Lampung Selatan,4.6,360,Tourist attraction / Waterfall,"Gn., 5JPC+FQM, Rajabasa, Kabupaten Lampung Selatan, Lampung 35552, Indonesia",8:00 AM,4:30 PM,ChIJMRo7eAoNQS4RrO2IDFcI5t0
Tabek Indah Resort,Lampung Selatan,4.2,1.781,Tourist attraction / Resort & Outbound,"M63C+P7J, Jalan Raya, Pemanggilan, Kec. Natar, Kabupaten Lampung Selatan, Lampung 35145, Indonesia",8:00 AM,9:00 PM,ChIJx6J6MGDFQC4RfvVG8oMOgpg
Pantai Sebalang,Lampung Selatan,3.9,1.685,Tourist attraction / Beach,"sebalang, C9MH+GVJ, Dusun Sebalang, Tarahan, Kec. Katibung, Kabupaten Lampung Selatan, Lampung 35452, Indonesia",8:00 AM,10:00 PM,ChIJwyM5IrQhQS4R7pZmt61pDwE
Sanggar Beach,Lampung Selatan,4.4,1.657,Tourist attraction / Beach,"7HCM+RXX, Kalianda, South Lampung Regency, Lampung 35551, Indonesia",8:00 AM,8:00 PM,ChIJg3uNl64RQS4RYW6U4m_iC0Y
Cijuet Waterfall,Lampung Selatan,4.2,125,Tourist attraction / Waterfall,"5MJ5+769, Cugung, Rajabasa, South Lampung Regency, Lampung 35552, Indonesia",8:00 AM,5:00 PM,ChIJE-DXT-kMQS4RvZ1N5XWAVaA
Junglesea Amusement Park,Lampung Selatan,4.8,788,Amusement park,"Jl. H. Abdul Muthalib, Merak Belantung, Kec. Kalianda, Kabupaten Lampung Selatan, Lampung 35551, Indonesia",8:00 AM,5:00 PM,ChIJCYhbHQAbQS4RrqlX51UG_lY
Marina Beach Kalianda,Lampung Selatan,4.6,2.549,Tourist attraction / Public Beach,"8G98+Q5R Bukit Marina, Merak Belantung, Kec. Kalianda, Kabupaten Lampung Selatan, Lampung 35551, Indonesia",7:00 AM,6:00 PM,ChIJPfC-UAAbQS4RyAV39L_bLMo
Sumber Air Panas Way Belerang (Lokasi 2),Lampung Selatan,4.4,186,Tourist attraction / Thermal Bath,"7J6H+247, Padan, Penengahan, South Lampung Regency, Lampung 35592, Indonesia",8:00 AM,6:00 PM,ChIJ09TDSmQPQS4RunFofVGbSZg
Air Terjun Karya Tunggal,Lampung Selatan,4.4,40,Tourist attraction / Waterfall,"9CFC+99J, Karya Tunggal, Katibung, South Lampung Regency, Lampung 35452, Indonesia",24 Hours,24 Hours,ChIJ_88Ffb0YQS4RmFdNODxcx6w
Rest Area Desa Wisata Bulok,Lampung Selatan,4.3,154,Tourist attraction / Rest Area,"9G58+PG3, Jl. Munjuk Sempurna Sel., Munjuk Sempurna, Kec. Kalianda, Kabupaten Lampung Selatan, Lampung 35551, Indonesia",24 Hours,24 Hours,ChIJPXeeJ6cbQS4R6UoM4GVlKaA
Kahai beach resort,Lampung Selatan,4.1,808,Tourist attraction / Beach Resort,"Jl. Pesisir No.99, Batu Balak, Rajabasa, Kabupaten Lampung Selatan, Lampung 35552, Indonesia",8:00 AM,6:00 PM,ChIJH6B-U7sNQS4RVJHESezK6j4
Cagar Alam Krakatau (Anak Krakatau),Lampung Selatan,4.4,522,Tourist attraction / Nature Reserve,"Jl. Z.A. Pagar alam No.1B Rajabasa, Pulau Anak Krakatau, Pulau, Kabupaten Lampung Selatan, Lampung, Indonesia",8:00 AM,4:00 PM,ChIJ69fEa7FgQS4RDWDCrd5vC5o
Bukit Lembu Taman Wisata,Lampung Selatan,4.7,6,National reserve / Nature,"Jl. Katibung - Candipuro, Dusun Rejo Agung, Umbul Jambu, Kec. Katibung, Kabupaten Lampung Selatan, Lampung 35000, Indonesia",24 Hours,24 Hours,ChIJjR9v_iXhQC4RggbUKF99_Uw
Rest Area Desa Wisata Bulok,Lampung Selatan,4,10,Tourist attraction / Garden Park,"9G58+PG3, Jl. Munjuk Sempurna Sel., Munjuk Sempurna, Kec. Kalianda, Kabupaten Lampung Selatan, Lampung 35551, Indonesia",8:00 AM,9:00 PM,ChIJPXeeJ6cbQS4R6UoM4GVlKaA
Slanik Waterpark Lampung,Lampung Selatan,4.4,5.773,Amusement park / Water park,"Jl. Raya Karang Anyar No.10, Karang Anyar, Kec. Jati Agung, Kabupaten Lampung Selatan, Lampung 35365, Indonesia",8:00 AM,5:00 PM,ChIJOYd_FyPFQC4REDEqB46mJXY
Tugu Topeng Tanjung Bayur,Lampung Selatan,4.3,357,Memorial park / Landmark,"FF34+PR8, Bandar Dalam, Sidomulyo, South Lampung Regency, Lampung 35353, Indonesia",24 Hours,24 Hours,ChIJpRVW-XkfQS4RDlxTsdPRSvs
Batu Granit,Lampung Selatan,4.5,108,Tourist attraction / Nature,"JC9W+CRR, Jl. Tj. Bintang Raya, Jati Indah, Kec. Tj. Bintang, Kabupaten Lampung Selatan, Lampung 35361, Indonesia",8:00 AM,5:00 PM,ChIJK4ZGSAnnQC4RQ9F8foXJJas
Pulau Umang-Umang Lampung,Lampung Selatan,4.9,24,Tourist attraction / Island Beach,"3GC7+2W, Tejang Pulau Sebesi, South Lampung Regency, Lampung, Indonesia",24 Hours,24 Hours,ChIJmUPbRABtQS4RAOUHGx-za98
Pulung Putri Sawah,Lampung Selatan,4.5,2,Tourist attraction / Agrotourism,"9GJV+RH, Sidowaluyo, Sidomulyo, South Lampung Regency, Lampung 35353, Indonesia",24 Hours,24 Hours,ChIJKVq6KwAbQS4RqnCU70Lekdg
Wisata Batu Kincir,Lampung Selatan,4.4,19,Park / Tourist attraction,"Panca Tunggal, Merbau Mataram, South Lampung Regency, Lampung 35357, Indonesia",8:00 AM,5:00 PM,ChIJaQZN1HnhQC4R6q-alSjRGnQ
Pantai Rajabasa,Lampung Selatan,4.8,11,Tourist attraction / Beach,"5JG2+3G8, Rajabasa, South Lampung Regency, Lampung 35552, Indonesia",24 Hours,24 Hours,ChIJK0EIuDINQS4RhoQI2j-eZXY
Water World Lampung,Lampung Selatan,4.8,3.638,Water park / Tourist attraction,"M824+2QC, Way Hui, Jati Agung, South Lampung Regency, Lampung 35365, Indonesia",8:00 AM,5:00 PM,ChIJW8CoMwDFQC4R3g-1vJo2XM8
Trikora,Lampung Selatan,4.5,282,Garden / Park,"Unnamed Road, Karang Anyar, Kec. Jati Agung, Kabupaten Lampung Selatan, Lampung 35365, Indonesia",24 Hours,24 Hours,ChIJ-UIIj5fHQC4RFMMufIZYt-0
Tugu Selamat Datang Candipuro,Lampung Selatan,4.3,19,Monument / Landmark,"CGPW+526, Jl. Selamet Riyadi, Sidoasri, Kec. Candipuro, Kabupaten Lampung Selatan, Lampung 35356, Indonesia",24 Hours,24 Hours,ChIJk1MfB1UcQS4RHX7YlLkS4-Y
Tugu Desa Bumi Jaya,Lampung Selatan,4.3,70,Monument / Landmark,"FJ72+RP4, Jl. Jend. Sudirman, Bumi Jaya, Kec. Candipuro, Kabupaten Lampung Selatan, Lampung 35356, Indonesia",24 Hours,24 Hours,ChIJS_HcyrYCQS4RdTZQmzmQNI0
Pasir Timbul Pahawang,Lampung Selatan,4.7,473,Tourist attraction / Public beach,"86HR+45J, Pahawang Island, Punduh Pidada, Pesawaran Regency, Lampung, Indonesia",24 Hours,24 Hours,ChIJ_TJnQcUlQS4R93kz6q9kxWk
Air Terjun Anakan,Lampung Selatan,4.9,8,Tourist attraction / Waterfall,"6MF4+H4, Way Kalam, Penengahan, South Lampung Regency, Lampung 35592, Indonesia",8:00 AM,5:00 PM,ChIJdzwcTAANQS4R7Ag_IHjuML4
Krakatau Park Lampung,Lampung Selatan,4.4,708,Amusement park,"Kawasan Pelabuhan Penyeberangan, Bakauheni, Kec. Bakauheni, Kabupaten Lampung Selatan, Lampung 35592, Indonesia",9:00 AM,6:00 PM,ChIJ3_IT0Eh1QS4RaSaTd9nzaho
Wisata Kebun Jeruk Taman Agung,Lampung Selatan,4.7,11,Park / Agrotourism,"9H6F+XQ3, Jl. Tol Bakauheni - Terbanggi Besar, Taman Agung, Kec. Kalianda, Kabupaten Lampung Selatan, Lampung 35551, Indonesia",8:00 AM,5:00 PM,"ChIJL7GPzLMbQS4RP93fV6xfS2g"
Alun-Alun Sidorejo,Lampung Selatan,4.2,66,Park / Public Space,"CG8C+87G, Sidorejo, Sidomulyo, South Lampung Regency, Lampung 35353, Indonesia",24 Hours,24 Hours,ChIJ77MKnBUcQS4Re1vwgkH9c_w
Natar Hot Water Resource,Lampung Selatan,4.1,1.335,Aquatic center / Thermal Bath,"Jl. Raya Batupuru, RT. 07 / 09, M5WR+QMJ, Merak Batin, Kec. Natar, Kabupaten Lampung Selatan, Lampung 35362, Indonesia",24 Hours,24 Hours,ChIJc0hFDznPQC4RtxIgiepLf4o
Rantau Minyak Resort Candipuro Hill,Lampung Selatan,3.7,3,Park / Resort,"FG39+836, Rantau Minyak, Candipuro, South Lampung Regency, Lampung 35356, Indonesia",8:00 AM,6:00 PM,ChIJCxge58MdQS4R0EDfTBxCk7k
Monumen Diponegoro Candipuro,Lampung Selatan,4.4,8,Monument / Landmark,"FH6F+QC8, Candipuro/Titiwangi, Candipuro, South Lampung Regency, Lampung 35356, Indonesia",24 Hours,24 Hours,ChIJMa-cqEEdQS4RPogcr0cpvGs
Air Terjun Putri Malu,Lampung Selatan,4.4,336,Tourist attraction / Waterfall,"49QP+XCP, Hutan Register 24, Banjit, Way Kanan Regency, Lampung 34766, Indonesia",24 Hours,24 Hours,ChIJ_____zuDOC4RCp1U4iqimeM
Taman Hutan Kota Kalianda,Lampung Selatan,3.7,12,Park / Urban Forest,"7HPM+PWP, Way Urang, Kalianda, South Lampung Regency, Lampung 35551, Indonesia",24 Hours,24 Hours,ChIJI2UEcCUQQS4RraLtlO9a9U0
Pantai Pasir Putih Lampung,Lampung Selatan,2372,4,Beach," Pantai Pasir Putih Lampung, Rangai Tri Tunggal, Kec. Katibung, Kabupaten Lampung Selatan, Lampung 35452, Indonesia",-,-,ChIJN7jB9IEgQS4R0dc6L15rkJc
Cape coast Selaki,Lampung Selatan,344,4.2,Beach,"Cape coast Selaki, Tarahan, Katibung, South Lampung Regency, Lampung 35452, Indonesia",-,-,ChIJb1B_-k8gQS4ROtS0bq6fjoY
pantai starhlinght cabin kalianda,Lampung Selatan,1,5,Tourist attraction,"H7C4+C9P, Gg. Perkutut, Gulak Galik, Kec. Tlk. Betung Utara, Kota Bandar Lampung, Lampung 35212, Indonesia",-,-,ChIJ4QNJTwDbQC4RrFeID_V0Uhg
Pasir wisata pasir putih,Lampung Selatan,567,4.3,National reserve,"F9F3+6PM, Jl. Lintas Sumatera, Rangai Tri Tunggal, Kec. Katibung, Kabupaten Lampung Selatan, Lampung 35452, Indonesia",Open 24 hours,Open 24 hours,ChIJCURoy5IhQS4RmcC39Wpb_sY
Air Terjun Ciupang,Pesawaran,4.5,327,Tourist attraction / Waterfall,"Hutan, Pesawaran Regency, Lampung 35451, Indonesi",8:00 AM,5:00 PM,ChIJIVnmPs7URi4RsN3yHkPlUp4
Wisata Air Beronjong,Pesawaran,4.3,8,Tourist attraction / River Recreation,"H3H9+C97, Cipadang, Gedong Tataan, Pesawaran Regency, Lampung 35368, Indonesia",8:00 AM,6:00 PM,ChIJCzmFx_3TQC4RjLLiJwNge-I
Air Terjun Talang Rabun,Pesawaran,4.7,81,Tourist attraction / Waterfall,"G546+Q9, Hutan, Pesawaran Regency, Lampung 35451, Indonesia
",24 Hours,24 Hours,ChIJFQQP-XzXQC4RllvV30rEsqk
Puncak Bukit Cendana Pesawaran,Pesawaran,4.6,360,Tourist attraction / Viewpoint,"Hutan, Pesawaran Regency, Lampung 35451, Indonesia",24 Hours,24 Hours,ChIJc0riXbUrQS4RWLy-4d2PSKc
Desa Wisata Sumberagung,Pesawaran,4.8,20,Tourist attraction / Tourism Village,"H5JP+XJ3, Sumber Agung, Kemiling, Bandar Lampung City, Lampung 35156, Indonesia",24 Hours,24 Hours,ChIJjS07S4TRQC4REDO1QHeBhS4
Way Mios Gunung Batu,Pesawaran,4.5,280,Tourist attraction / River & Nature,"Dusun g.batu, Pampangan, Kec. Gedong Tataan, Kabupaten Pesawaran, Lampung 35368, Indonesia",8:00 AM,5:00 PM,ChIJD4R0jOfTQC4RV4gw2iaR2ls
Air Terjun Anglo,Pesawaran,4.4,521,Tourist attraction / Waterfall,"F379+PVW, Gunung Rejo, Padang Cermin, Pesawaran Regency, Lampung 35451, Indonesia",8:00 AM,5:00 PM,ChIJZXBd8oIqQS4RWJcEKh7cfWs
Wisata Puncak Vietnam,Pesawaran,4.5,262,Tourist attraction / Viewpoint,"H5MR+JR5, Sumber Agung, Kemiling, Bandar Lampung City, Lampung 35156, Indonesia",8:00 AM,9:00 PM,ChIJ_0Sfqd_RQC4R5QSB12eur5g
Kampoeng Vietnam,Pesawaran,4.5,1.741,Tourist attraction / Viewpoint,"Jl. Wan Abdurrahman, Sumber Agung, Kec. Kemiling, Kota Bandar Lampung, Lampung 35156, Indonesia",8:00 AM,10:00 PM,ChIJIT_yrzbRQC4RkZRTkZbdbew
Banyu Langit Cottage,Pesawaran,4.5,127,Tourist attraction / Cottage,"H35X+7H, Sukadadi, Gedong Tataan, Pesawaran Regency, Lampung 35368, Indonesia",8:00 AM,8:00 PM,ChIJI57gPwDTQC4RjiqEL9jHyIQ
Air Terjun Gunung Betung,Pesawaran,4.7,78,Tourist attraction / Waterfall,"H4HX+299, Hutan, Pesawaran Regency, Lampung, Indonesia",24 Hours,24 Hours,ChIJlbfh5AnRQC4Rb-xnkgq5Tkg
Air Terjun Tanah Longsor,Pesawaran,4.8,107,Tourist attraction / Waterfall,"F46Q+769, Hutan, Padang Cermin, Pesawaran Regency, Lampung 35451, Indonesia",24 Hours,24 Hours,ChIJMX9ZWwApQS4RfOXXYJNpcrg
Tahura Wan Abdul Rachman (Gunung Betung),Pesawaran,4.4,146,Tourist attraction / Nature Reserve,"H574+6RH, Hutan, Pesawaran Regency, Lampung 35366, Indonesia
",24 Hours,24 Hours,ChIJIed3vDvRQC4RdGIaBDXcwEc
Sinar Tiga Waterfall,Pesawaran,4.7,101,Tourist attraction / Waterfall,"F493+V99, Jl. Sinar Tiga, Harapan Jaya, Kec. Padang Cermin, Kabupaten Pesawaran, Lampung 35451, Indonesia
",8:00 AM,5:00 PM,ChIJIV51KpLVQC4RGc3tog2ZGzk
Bukit Lantana Harapan Jaya,Pesawaran,4.9,28,Tourist attraction / Viewpoint,"Hutan, Pesawaran Regency, Lampung 35451, Indonesia
",24 Hours,24 Hours,ChIJ3cnTqxYrQS4RAszRazO3pCU
Wisata Batu Ampar,Pesawaran,4.7,12,Tourist attraction / Nature,"Dsn. Tegal Rejo, Ds. Gunungrejo, F338+WG5, Wates Way Ratai, Kec, Kabupaten Pesawaran, Lampung 35451, Indonesia
",8:00 AM,3:00 PM,ChIJoRmFnaorQS4ReARLKsq4O3s
Tebing Lengkung,Pesawaran,4,4,Tourist attraction,"G526+FM, Hutan, Pesawaran Regency, Lampung 35451, Indonesia
",24 Hours,24 Hours,ChIJGbOY1KTXQC4RegIFj6UbcZg
Puncak Punggung Naga Sukmo Ilang,Pesawaran,4.9,51,Tourist attraction / Viewpoint,"Sidoharjo Desa, Pesawaran Indah, Way Ratai, Kabupaten Pesawaran, Lampung 35451, Indonesia
",24 Hours,24 Hours,ChIJsx4h_kQrQS4R7e-7eDElAYM
Lembah Damai Gunung Batu,Pesawaran,4.9,13,Tourist attraction / Nature,"Sukadadi, Gedong Tataan, Pesawaran Regency, Lampung 35368, Indonesia
",8:00 AM,5:00 PM,ChIJ_afy0B3TQC4R2eV6sBqQWok
Air Terjun Seribu Mimpi,Pesawaran,4.2,5,Tourist attraction / Waterfall,"G5C7+P2, Hutan, Pesawaran Regency, Lampung 35451, Indonesia
",24 Hours,24 Hours,ChIJKWnsgknXQC4ROZYwvxCMS8I
Taman Wisata BMJ (Bawono Maju Jaya),Pesawaran,4.2,492,Country park / Tourist attraction,"J393+F9G, Wonodadi, Gading Rejo, Pringsewu Regency, Lampung 35367, Indonesia
",8:00 AM,6:00 PM,ChIJw12SH87TQC4RcnUAv91QuNs
PENANGKARAN RUSA TAHURA WAN ABDUL RACHMAN LAMPUNG,Pesawaran,4.5,50,Tourist attraction / Forest Park,"Jl. Wan Abdurrahman, Sumber Agung, Kec. Kemiling, Kabupaten Pesawaran, Lampung 35156, Indonesia
",8:00 AM,5:00 PM,ChIJqVnn6e_QQC4R8oRLcdcBVU0
Tahura Wan Abdul Rachman (Gunung Betung),,,,,"H574+6RH, Hutan, Pesawaran Regency, Lampung 35366, Indonesia",,,ChIJIed3vDvRQC4RdGIaBDXcwEc
Camping Ground Tahura WAR,,,,,"H5HM+GRV, Hutan, Pesawaran Regency, Lampung 35156, Indonesia",,,ChIJ2-hsOHnRQC4R2tLHqw7hIuA
"Bumi Perkemahan Bukit Cendana (SEWA TENDA)
",Pesawaran,3.6,5,Tourist attraction / Campsite,"Harapan Jaya, Hutan, Pesawaran Regency, Lampung 35451, Indonesia
",24 Hours,24 Hours,ChIJ6-LBOW0rQS4RZeVddkTtf_0
"Bukit Cendana Harapan Jaya",,,,,"Hutan, Pesawaran Regency, Lampung 35451, Indonesia",,,ChIJQ4j8v1orQS4RTHPxOg840a8
"Bronjong Way LimaBumi Perkemahan Way Lima Bronjong
Pesawaran",Pesawaran,4.3,664,Amusement park ride / Water Recreation,"H3H9+6XJ, Cipadang, Gedong Tataan, Pesawaran Regency, Lampung 35368, Indonesia
",24 Hours,24 Hours,ChIJ7YZ_Jn3TQC4RqwpNsq-6ZWY
Air Terjun Bogorejo,Pesawaran,4,3,Tourist attraction / Waterfall,"H4R3+QP8, Hutan, Pesawaran Regency, Lampung 35366, Indonesia
",24 Hours,24 Hours,ChIJax-X8WTTQC4RDtO_80VliWA
Air Terjun Penyarian,Pesawaran,5,9,Tourist attraction / Waterfall,"F46G+6F, Hutan, Pesawaran Regency, Lampung 35451, Indonesia
",24 Hours,24 Hours,ChIJM814KgApQS4RRVGrvOU5uJQ
"Punggung naga Sidoharjo pesawaran indah
",Pesawaran,4.7,49,Tourist attraction / Viewpoint,"Unnamed Road, F35W+62V, Pesawaran Indah, Kec. Padang Cermin, Kabupaten Pesawaran, Lampung 35451, Indonesia
",24 Hours,24 Hours,ChIJH-CuUC8rQS4RIiAm8VKaA5A
Kolam Pemandian Wonotirto,Pesawaran,4.3,9,Tourist attraction / Swimming Pool,"C3MP+86, Pesawaran Indah, Padang Cermin, Pesawaran Regency, Lampung 35451, Indonesia
",24 Hours,24 Hours,ChIJH4xXCBMrQS4RfNI7dPBb-5E
Air Terjun Tundo Telu,Pesawaran,4.4,27,Tourist attraction / Waterfall,"Kec. Way Ratai, Kab. Pesawaran",8:00 AM,5:00 PM,ChIJebdfBG8rQS4RRwm7cmOr_iA
"Tahura Wan Abdul Rachman (Gunung Betung)
",Pesawaran,4.4,25,Tourist attraction / Geological Site,"H574+6RH, Hutan, Pesawaran Regency, Lampung 35366, Indonesia
",24 Hours,24 Hours,ChIJIed3vDvRQC4RdGIaBDXcwEc
Taman Wisata Jering,Pesawaran,5,2,National park / Tourist attraction,"HXHM+QCG, Jl. Lintas Baturaja, Baturaja, Way Lima, Kabupaten Pesawaran, Lampung 35368, Indonesia
",24 Hours,24 Hours,ChIJ_9AdJN8tRy4REhNHqR6RybY
Danau Tobong,Pesawaran,4,5,Tourist attraction / Lake,"GXFJ+4Q, Kubu Batu, Way Khilau, Pesawaran Regency, Lampung 35368, Indonesia
",24 Hours,24 Hours,ChIJx4rrSwArRy4Rq3e-m7tSY-Y
Air Terjun Tirta Harapan Jaya,Pesawaran,4.5,8,Tourist attraction / Waterfall,"F34X+FR2, Jl. Sinar Dua, Hutan, Kec. Hutan, Kabupaten Pesawaran, Lampung 35451, Indonesia
",8:00 AM,6:00 PM,ChIJ0UPjausrQS4RM17j9G_RSA4
Wisata Kali Bronjong Rafting,Pesawaran,4.4,70,Raft trip outfitter / Water Recreation,"Cipadang, Gedong Tataan, Pesawaran Regency, Lampung, Indonesia
",24 Hours,24 Hours,ChIJaylnXs_TQC4R31yhNUzyGIA
Anjung Pekhabut Wisata Alam,Pesawaran,5,2,Tourist attraction / Nature,"GX5P+68G, Kubu Batu, Way Khilau, Pesawaran Regency, Lampung 35368, Indonesia
",8:00 AM,5:00 PM,ChIJ33ge-B4rRy4Rs6ZT_c0F4Tc
Wisata Alam Way Gunung Batu,Pesawaran,5,3,Tourist attraction / Nature,"H35W+XG2, Sukadadi, Gedong Tataan, Pesawaran Regency, Lampung 35368, Indonesia
",8:00 AM,5:00 PM,ChIJJwKaJgDTQC4RneVBV7ue_ZY
Air Terjun Umbul Binong,Pesawaran,4.3,3,Tourist attraction / Waterfall,"Jalan umbul binong, gunung batu, Kec. Gedong Tataan, Kabupaten Pesawaran, Lampung 35368, Indonesia
",8:00 AM,5:00 PM,ChIJa83WGgDTQC4RkZxcUcv3Vpc
Taman Lantana Gading Rejo Timur,Pesawaran,4.5,8,Tourist attraction / Garden,"J3FG+Q6C, Gedung Tataan, Gading Rejo, Pringsewu Regency, Lampung 35366, Indonesia",24 Hours,24 Hours,ChIJ__F8Lq3TQC4Rq5Xa9xkrtBE
Bukit Lantana Hill,Pesawaran,4.2,13,Tourist attraction / Viewpoint,"F472+J9F, Hutan, Pesawaran Regency, Lampung 35451, Indonesia
",24 Hours,24 Hours,ChIJk-dWYQArQS4Rx5LAK9LF0zE
Taman baru (pertelon),Pesawaran,,,,"93XF+WFQ, Jl. Padang Cermin - Gedong Tataan, Kotadalam, Kec. Padang Cermin, Kabupaten Pesawaran, Lampung 35451, Indonesia
",,,ChIJ4XGBagArQS4RsnzULoUb-fY
Perbukitan Desa Gunung Rejo,Pesawaran,5,4,Tourist attraction / Hill View,"H293+7QH, Jl. Lintas Baturaja, Gunungrejo, Way Lima, Kabupaten Pesawaran, Lampung 35368, Indonesia
",24 Hours,24 Hours,ChIJoSv-MbUtRy4RNSdVxDAPTBU
Air Terjun Congkanan,Pesawaran,4.9,10,Tourist attraction / Waterfall,"FX2G+5QX, Hutan, Way Khilau, Pesawaran Regency, Lampung 35368, Indonesia
",8:00 AM,5:00 PM,ChIJF1qdeQDVRi4ROCZDXxlbalM
Kebun Alpukat Yellow Golden Way Harong,Pesawaran,5,7,Tourist attraction / Agrotourism,"H23G+XGX, Way Harong, Way Lima, Pesawaran Regency, Lampung 35367, Indonesia
",8:00 AM,5:30 PM,ChIJ045inQQtRy4RJ1eOPBBqpFs
Batu Ngegelinding,Pesawaran,3.3,3,Tourist attraction / Nature,"C4Rb air kutu, Jl. Lubuk Bakak, Hutan, Kec. Padang Cermin, Kabupaten Pesawaran, Lampung 35451, Indonesia
",24 Hours,24 Hours,ChIJSfJhAuopQS4Rm_6ZUgfaWr4
Wisata Kiarak,Pesawaran,4,2,Tourist attraction,"G2J5+W5H, Jl. Tanjungsari, Ps. Baru, Kec. Kedondong, Kabupaten Pesawaran, Lampung 35368, Indonesia
",24 Hours,24 Hours,ChIJA1RLD68rRy4RygKErmGhUqU
Air Terjun Kembar Congkanan,Pesawaran,4,4,Tourist attraction / Waterfall,"FX3G+3Q, Bayas Jaya, Way Khilau, Pesawaran Regency, Lampung 35368, Indonesia
",8:00 AM,5:00 PM,ChIJSW-MWQDVRi4RtOE7TYHs3Pg
Taman Wisata Tanjung Mas,Pesawaran,4.4,17,Garden / Tourist attraction,"Jl Sriyono No.VII, Bogorejo, Kec. Gedong Tataan, Kabupaten Pesawaran, Lampung 35366, Indonesia
",8:00 AM,5:00 PM,ChIJPXwtwaLTQC4RuLo2uzM7bFI
Desa Kaliguha Pesawaran Indah,Pesawaran,4.5,18,Tourist attraction / Tourism Village,"C3VR+WWH, Dusun kaliguha desa, Pesawaran Indah, kec way ratai, Kabupaten Pesawaran, Lampung 35451, Indonesia
",24 Hours,24 Hours,ChIJWVrE9WArQS4RnyhlZfgUIrs
Pantai Sari Ringgung,Pesawaran,7659,4.2,Beach,"Pantai Sari Ringgung, Jl. Way Ratai No.KM. 14, Sidodadi, Teluk Pandan, Kabupaten Pesawaran, Lampung 35451, Indonesia
",-,-,ChIJFxjbvUnaQC4RQPsVeOLWiFo
Tangkil Island,Pesawaran,728,4.2,Tourist attraction,"Tangkil Island, Sukajaya Lempasing, Padang Cermin, Pesawaran Regency, Lampung, Indonesia
",Tangkil Beach,Open 24 hours,ChIJawbV-4rYQC4RwODaLi3sYeA
Pantai Ketapang Bahari,Pesawaran,1569,4.5,Tourist attraction,"Jl. Mahitam, Ketapang, Batumenyan, Hanura, Kabupaten Pesawaran, Lampung 35450, Indonesia",-,6.00 pm,ChIJA9Uo2CImQS4RSwcqFk-ezxM
BATH STONE beach,Pesawaran,453,4.1,Tourist attraction,"C6C2+X79, Batumenyan, Kecamatan Teluk Pandan, Kabupaten Pesawaran, Lampung 35351, Indonesia
",-,6.00 pm,ChIJpfDGPYwoQS4RyVwOyDQAbk8
Bensam Beach,Pesawaran,1295,4.8,Tourist attraction,"Jl. Way Ratai, Kabupaten Pesawaran, Lampung 35369, Indonesia
",-,5.00 pm,ChIJb2KOTYspQS4R9bbVb-UeVTY
Pantai kelapa kunjir,Pesawaran,187,4.3,Tourist attraction,"Sukajaya Lempasing, Padang Cermin, Pesawaran Regency, Lampung 35236, Indonesia",-,12.00 am,ChIJt1m3ukrZQC4RkgPKqv2Z1h8
Pantai Klara 2,Pesawaran,1006,4.5,Tourist attraction,"Desa, Batu Menyan, Kec. Padang Cermin, Kabupaten Pesawaran, Lampung 35451, Indonesia",-,-,ChIJ8TH2YRApQS4R9qQeFBYLTpM
Pantai Mutun 2,Pesawaran,115,4.2,Tourist attraction,"F7M7+3PP, Jl. Pantai Mutun, Sukajaya Lempasing, Kec. Padang Cermin, Kabupaten Pesawaran, Lampung, Indonesia
",-,-,ChIJlZNCSO3ZQC4RbBghEzbSurQ
Pantai Queen Artha,Pesawaran,893,4.1,Tourist attraction,"Teluk, G742+QWG, Sukajaya Lempasing, Kec. Padang Cermin, Kabupaten Pesawaran, Lampung 35236, Indonesia",Teluk,-,ChIJjYCez03YQC4Rlduzg-xkaHU
Pantai Mutun Water Boom,Pesawaran,19,4.1,Tourist attraction,"F7M7+2X8, Sukajaya Lempasing, Padang Cermin, Pesawaran Regency, Lampung, Indonesia
",Open 24 hours,Open 24 hours,ChIJnW9BksLZQC4RouZrFEKF6IU
Teluk Hantu,Pesawaran,599,4.3,Public beach,"66G7+5H4, Unnamed Road, Pagar Jaya, Kec. Punduh Pidada, Kabupaten Pesawaran, Lampung 35379, Indonesia
",Open 24 hours,Open 24 hours,ChIJl3TYvaQxQS4R-l-s8OT-zfA
Pantai Cantri,Pesawaran,10,4.8,Tourist attraction,"F7QC+3R9, Sukajaya Lempasing, Padang Cermin, Pesawaran Regency, Lampung, Indonesia",-,-,ChIJwdexezvZQC4RZlGdwJBboTc
Pantai Benteng Samudera,Pesawaran,64,4.4,Playground,"C6C2+R9M, Raya, Wates, Way Ratai, Kec. Padang Cermin, Kabupaten Pesawaran, Lampung 35451, Indonesia
",-,12.00 am,ChIJYSxjIg4pQS4RojoLN6zlphI
Pulau Mahitam,Pesawaran,41,4.3,Tourist attraction,"Pulau Mahitam, Desa Batumenyan, C66H+MX7, Batu Menyan, Padang Cermin, Pesawaran Regency, Lampung 35341, Indonesia",-,-,ChIJ_coaISMmQS4RflQwXFG4fvE