placeName,city ,rate,numRate,category,address,openHour,closeHour,Place ID,latitude,longitude,geocoding_source 
Air Terjun Ciupang,Pesawaran,4.5,327,Tourist attraction / Waterfall,"Hutan, Pesawaran Regency, Lampung 35451, Indonesia",8:00 AM,5:00 PM,ChIJIVnmPs7URi4RsN3yHkPlUp4,-5.47643452,105.1148186,ArcGIS
Wisata Air Beronjong,Pesawaran,4.3,8,Tourist attraction / River Recreation,"H3H9+C97, Cipadang, Gedong Tataan, Pesawaran Regency, Lampung 35368, Indonesia",8:00 AM,6:00 PM,ChIJCzmFx_3TQC4RjLLiJwNge-I,-5.4215,105.0684,ArcGIS
Air Terjun Talang Rabun,Pesawaran,4.7,81,Tourist attraction / Waterfall,"G546+Q9, Hutan, Pesawaran Regency, Lampung 35451, Indonesia",24 Hours,24 Hours,ChIJFQQP-XzXQC4RllvV30rEsqk,-5.47643452,105.1148186,ArcGIS
Puncak Bukit Cendana Pesawaran,Pesawaran,4.6,360,Tourist attraction / Viewpoint,"Hutan, Pesawaran Regency, Lampung 35451, Indonesia",24 Hours,24 Hours,ChIJc0riXbUrQS4RWLy-4d2PSKc,-5.4697943,105.0243058,ArcGIS
Desa Wisata Sumberagung,Pesawaran,4.8,20,Tourist attraction / Tourism Village,"H5JP+XJ3, Sumber Agung, Kemiling, Bandar Lampung City, Lampung 35156, Indonesia",24 Hours,24 Hours,ChIJjS07S4TRQC4REDO1QHeBhS4,-5.4804139,105.505677,ArcGIS
Way Mios Gunung Batu,Pesawaran,4.5,280,Tourist attraction / River & Nature,"Dusun g.batu, Pampangan, Kec. Gedong Tataan, Kabupaten Pesawaran, Lampung 35368, Indonesia",8:00 AM,5:00 PM,ChIJD4R0jOfTQC4RV4gw2iaR2ls,-5.47643452,105.1148186,ArcGIS
Air Terjun Anglo,Pesawaran,4.4,521,Tourist attraction / Waterfall,"F379+PVW, Gunung Rejo, Padang Cermin, Pesawaran Regency, Lampung 35451, Indonesia",8:00 AM,5:00 PM,ChIJZXBd8oIqQS4RWJcEKh7cfWs,-5.54852,105.05205,ArcGIS
Wisata Puncak Vietnam,Pesawaran,4.5,262,Tourist attraction / Viewpoint,"H5MR+JR5, Sumber Agung, Kemiling, Bandar Lampung City, Lampung 35156, Indonesia",8:00 AM,9:00 PM,ChIJ_0Sfqd_RQC4R5QSB12eur5g,-5.416,105.1921,ArcGIS
Kampoeng Vietnam,Pesawaran,4.5,1.741,Tourist attraction / Viewpoint,"Jl. Wan Abdurrahman, Sumber Agung, Kec. Kemiling, Kota Bandar Lampung, Lampung 35156, Indonesia",8:00 AM,10:00 PM,ChIJIT_yrzbRQC4RkZRTkZbdbew,-5.47643452,105.1148186,ArcGIS
Banyu Langit Cottage,Pesawaran,4.5,127,Tourist attraction / Cottage,"H35X+7H, Sukadadi, Gedong Tataan, Pesawaran Regency, Lampung 35368, Indonesia",8:00 AM,8:00 PM,ChIJI57gPwDTQC4RjiqEL9jHyIQ,-5.47643452,105.1148186,ArcGIS
Air Terjun Gunung Betung,Pesawaran,4.7,78,Tourist attraction / Waterfall,"H4HX+299, Hutan, Pesawaran Regency, Lampung, Indonesia",24 Hours,24 Hours,ChIJlbfh5AnRQC4Rb-xnkgq5Tkg,-5.42927,105.15408,ArcGIS
Air Terjun Tanah Longsor,Pesawaran,4.8,107,Tourist attraction / Waterfall,"F46Q+769, Hutan, Padang Cermin, Pesawaran Regency, Lampung 35451, Indonesia",24 Hours,24 Hours,ChIJMX9ZWwApQS4RfOXXYJNpcrg,-5.47643452,105.1148186,ArcGIS
Tahura Wan Abdul Rachman (Gunung Betung),Pesawaran,4.4,146,Tourist attraction / Nature Reserve,"H574+6RH, Hutan, Pesawaran Regency, Lampung 35366, Indonesia",24 Hours,24 Hours,ChIJIed3vDvRQC4RdGIaBDXcwEc,-5.5221905,105.2369002,ArcGIS
Sinar Tiga Waterfall,Pesawaran,4.7,101,Tourist attraction / Waterfall,"F493+V99, Jl. Sinar Tiga, Harapan Jaya, Kec. Padang Cermin, Kabupaten Pesawaran, Lampung 35451, Indonesia",8:00 AM,5:00 PM,ChIJIV51KpLVQC4RGc3tog2ZGzk,-5.47643452,105.1148186,ArcGIS
Bukit Lantana Harapan Jaya,Pesawaran,4.9,28,Tourist attraction / Viewpoint,"Hutan, Pesawaran Regency, Lampung 35451, Indonesia",24 Hours,24 Hours,ChIJ3cnTqxYrQS4RAszRazO3pCU,-5.5294211,105.0140322,ArcGIS
Wisata Batu Ampar,Pesawaran,4.7,12,Tourist attraction / Nature,"Dsn. Tegal Rejo, Ds. Gunungrejo, F338+WG5, Wates Way Ratai, Kec, Kabupaten Pesawaran, Lampung 35451, Indonesia",8:00 AM,3:00 PM,ChIJoRmFnaorQS4ReARLKsq4O3s,-5.5440099,105.0469846,ArcGIS
Tebing Lengkung,Pesawaran,4,4,Tourist attraction,"G526+FM, Hutan, Pesawaran Regency, Lampung 35451, Indonesia",24 Hours,24 Hours,ChIJGbOY1KTXQC4RegIFj6UbcZg,-5.47643452,105.1148186,ArcGIS
Puncak Punggung Naga Sukmo Ilang,Pesawaran,4.9,51,Tourist attraction / Viewpoint,"Sidoharjo Desa, Pesawaran Indah, Way Ratai, Kabupaten Pesawaran, Lampung 35451, Indonesia",24 Hours,24 Hours,ChIJsx4h_kQrQS4R7e-7eDElAYM,-5.47643452,105.1148186,ArcGIS
Lembah Damai Gunung Batu,Pesawaran,4.9,13,Tourist attraction / Nature,"Sukadadi, Gedong Tataan, Pesawaran Regency, Lampung 35368, Indonesia",8:00 AM,5:00 PM,ChIJ_afy0B3TQC4R2eV6sBqQWok,-5.47643452,105.1148186,ArcGIS
Air Terjun Seribu Mimpi,Pesawaran,4.2,5,Tourist attraction / Waterfall,"G5C7+P2, Hutan, Pesawaran Regency, Lampung 35451, Indonesia",24 Hours,24 Hours,ChIJKWnsgknXQC4ROZYwvxCMS8I,-5.47643452,105.1148186,ArcGIS
Taman Wisata BMJ (Bawono Maju Jaya),Pesawaran,4.2,492,Country park / Tourist attraction,"J393+F9G, Wonodadi, Gading Rejo, Pringsewu Regency, Lampung 35367, Indonesia",8:00 AM,6:00 PM,ChIJw12SH87TQC4RcnUAv91QuNs,-5.47643452,105.1148186,ArcGIS
PENANGKARAN RUSA TAHURA WAN ABDUL RACHMAN LAMPUNG,Pesawaran,4.5,50,Tourist attraction / Forest Park,"Jl. Wan Abdurrahman, Sumber Agung, Kec. Kemiling, Kabupaten Pesawaran, Lampung 35156, Indonesia",8:00 AM,5:00 PM,ChIJqVnn6e_QQC4R8oRLcdcBVU0,-5.5221905,105.2369002,ArcGIS
Camping Ground Tahura WAR,Pesawaran,.,.,Tourist attraction / Campsite,"H5HM+GRV, Hutan, Pesawaran Regency, Lampung 35156, Indonesia",.,.,ChIJ2-hsOHnRQC4R2tLHqw7hIuA,-5.412394705,105.2951401,ArcGIS
Bumi Perkemahan Bukit Cendana (SEWA TENDA),Pesawaran,3.6,5,Tourist attraction / Campsite,"Harapan Jaya, Hutan, Pesawaran Regency, Lampung 35451, Indonesia",24 Hours,24 Hours,ChIJ6-LBOW0rQS4RZeVddkTtf_0,-5.47643452,105.1148186,ArcGIS
Bronjong Way LimaBumi Perkemahan Way Lima Bronjong Pesawaran,Pesawaran,4.3,664,Amusement park ride / Water Recreation,"H3H9+6XJ, Cipadang, Gedong Tataan, Pesawaran Regency, Lampung 35368, Indonesia",24 Hours,24 Hours,ChIJ7YZ_Jn3TQC4RqwpNsq-6ZWY,-5.42194,105.069861,ArcGIS
Air Terjun Bogorejo,Pesawaran,4,3,Tourist attraction / Waterfall,"H4R3+QP8, Hutan, Pesawaran Regency, Lampung, Indonesia",24 Hours,24 Hours,.,.,.,.