id,nama_resto,wilayah,kategori_kuliner,latitude,longitude,rating_google,total_ulasan,place_id,alamat
R_BL01,RM Begadang II,Bandar Lampung,Masakan Minang & Khas Lampung,-5.4182,105.2531,4.5,7200,ChIJb1Begadang2BL,"Jl. Soekarno Hatta No. 10, Bandar Lampung"
R_BL02,RM Pindang Riu,Bandar Lampung,Khas Lampung (Pindang & Sambal),-5.4211,105.2612,4.6,3400,ChIJPindangRiuBL,"Jl. Way Sekampung No. 11, Bandar Lampung"
R_BL03,Wood Stairs Cafe & Resto,Bandar Lampung,Nusantara & Western,-5.3951,105.2689,4.5,4100,ChIJWoodStairsBL,"Jl. Urip Sumoharjo No. 204, Bandar Lampung"
R_BL04,Rumah Makan Saung Desa,Bandar Lampung,Sunda & Seafood,-5.4088,105.2475,4.4,2800,ChIJSaungDesaBL,"Jl. KH Ahmad Dahlan No. 30, Bandar Lampung"
R_BL05,RM Mbok Wito,Bandar Lampung,Ayam & Bebek Goreng,-5.4155,105.2504,4.4,3100,ChIJMbokWitoBL,"Jl. Sultan Agung No. 12, Bandar Lampung"
R_BL06,El's Coffee House,Bandar Lampung,Cafe & Kuliner Khas Kopi Lampung,-5.3881,105.2592,4.6,5200,ChIJElsCoffeeBL,"Jl. MS Batubara No. 134, Bandar Lampung"
R_BL07,Kampung Bambu Resto,Bandar Lampung,Kuliner Keluarga & Nusantara,-5.3912,105.2411,4.3,1900,ChIJKampungBambuBL,"Jl. Griya Utama No. 57, Bandar Lampung"
R_BL08,RM Pindang Meranjat Riu,Bandar Lampung,Pindang & Olahan Ikan Sungai,-5.4278,105.2555,4.5,2100,ChIJPindangMeranjatBL,"Jl. Yos Sudarso No. 88, Bandar Lampung"
R_BL09,D'Sawah Resto & Cafe,Bandar Lampung,Kuliner Nusantara & Lesehan,-5.3812,105.2289,4.4,1500,ChIJDSawahRestoBL,"Jl. Ismail, Sukadanaham, Bandar Lampung"
R_LS01,RM Pindang Pegagan Kalianda,Lampung Selatan,Khas Lampung & Pindang Ikan,-5.7289,105.5841,4.5,1800,ChIJPindangKaliandaLS,"Jl. Trans Sumatra, Kalianda, Lampung Selatan"
R_LS02,Resto Wisata Dermaga Canti,Lampung Selatan,Seafood & Olahan Laut,-5.7321,105.5895,4.3,950,ChIJDermagaCantiLS,"Dermaga Canti, Rajabasa, Lampung Selatan"
R_LS03,RM Merak Belatung Seafood,Lampung Selatan,Seafood & Ikan Bakar,-5.6012,105.4611,4.4,1200,ChIJMerakBelatungLS,"Kawasan Pantai Merak Belatung, Lampung Selatan"
R_LS04,RM Simpang Raya Bakauheni,Lampung Selatan,Masakan Padang & Nusantara,-5.8689,105.7512,4.3,2400,ChIJSimpangRayaLS,"Kawasan Pelabuhan Bakauheni, Lampung Selatan"
R_LS05,Pondok Makan Dermaga Sebalang,Lampung Selatan,Seafood & Cafe Pantai,-5.5512,105.3812,4.5,1600,ChIJDermagaSebalangLS,"Pantai Sebalang, Katibung, Lampung Selatan"
R_LS06,Resto Lesehan Pantai Pasir Putih,Lampung Selatan,Ikan Bakar & Es Kelapa Muda,-5.5345,105.3435,4.2,1100,ChIJPasirPutihRestoLS,"Area Wisata Pasir Putih, Lampung Selatan"
R_PSW01,RM Kampoeng Bambu Mutun,Pesawaran,Seafood & Lesehan Pantai,-5.5128,105.2581,4.3,2100,ChIJKampoengBambuPSW,"Kawasan Pantai Mutun, Padang Cermin, Pesawaran"
R_PSW02,Resto & Cafe Sari Ringgung,Pesawaran,Seafood & Kuliner Pantai,-5.5589,105.2642,4.4,1700,ChIJSariRinggungRestoPSW,"Kawasan Pantai Sari Ringgung, Pesawaran"
R_PSW03,RM Seafood Dermaga Ketapang,Pesawaran,Olahan Ikan Laut & Olahan Kepiting,-5.5911,105.2428,4.4,1300,ChIJDermagaKetapangRestoPSW,"Dermaga Ketapang, Padang Cermin, Pesawaran"
R_PSW04,Tegal Mas Resort Resto,Pesawaran,Buffet & Western Seafood,-5.5822,105.2825,4.6,1800,ChIJTegalMasRestoPSW,"Pulau Tegal Mas, Pesawaran"
R_PSW05,Saung Lesehan Pahawang,Pesawaran,Ikan Bakar Khas Pulau & Coconut Drink,-5.6722,105.2225,4.5,950,ChIJPahawangRestoPSW,"Pulau Pahawang Besar, Pesawaran"
R_PSW06,Pondok Makan Pantai Klara,Pesawaran,Kuliner Santai & Seafood,-5.5828,105.2349,4.2,850,ChIJKlaraRestoPSW,"Pantai Klara, Padang Cermin, Pesawaran"
