Asal_ID,Asal_Nama,Asal_Kota,Tujuan_ID,Tujuan_Nama,Tujuan_Kota,Jarak_KM,Waktu_Menit,Delay_Macet_Menit
ChIJIVnmPs7URi4RsN3yHkPlUp4,Air Terjun Ciupang,Pesawaran,ChIJCzmFx_3TQC4RjLLiJwNge-I,Wisata Air Beronjong,Pesawaran,12.51,34.82,0.0
ChIJIVnmPs7URi4RsN3yHkPlUp4,Air Terjun Ciupang,Pesawaran,ChIJFQQP-XzXQC4RllvV30rEsqk,Air Terjun Talang Rabun,Pesawaran,0.0,0.0,0.0
ChIJIVnmPs7URi4RsN3yHkPlUp4,Air Terjun Ciupang,Pesawaran,ChIJc0riXbUrQS4RWLy-4d2PSKc,Puncak Bukit Cendana Pesawaran,Pesawaran,22.46,52.53,0.0
ChIJIVnmPs7URi4RsN3yHkPlUp4,Air Terjun Ciupang,Pesawaran,ChIJjS07S4TRQC4REDO1QHeBhS4,Desa Wisata Sumberagung,Pesawaran,81.29,130.82,0.0
ChIJIVnmPs7URi4RsN3yHkPlUp4,Air Terjun Ciupang,Pesawaran,ChIJD4R0jOfTQC4RV4gw2iaR2ls,Way Mios Gunung Batu,Pesawaran,0.0,0.0,0.0
ChIJIVnmPs7URi4RsN3yHkPlUp4,Air Terjun Ciupang,Pesawaran,ChIJZXBd8oIqQS4RWJcEKh7cfWs,Air Terjun Anglo,Pesawaran,33.37,66.43,0.0
ChIJIVnmPs7URi4RsN3yHkPlUp4,Air Terjun Ciupang,Pesawaran,ChIJ_0Sfqd_RQC4R5QSB12eur5g,Wisata Puncak Vietnam,Pesawaran,27.54,62.98,0.0
ChIJIVnmPs7URi4RsN3yHkPlUp4,Air Terjun Ciupang,Pesawaran,ChIJIT_yrzbRQC4RkZRTkZbdbew,Kampoeng Vietnam,Pesawaran,0.0,0.0,0.0
ChIJIVnmPs7URi4RsN3yHkPlUp4,Air Terjun Ciupang,Pesawaran,ChIJI57gPwDTQC4RjiqEL9jHyIQ,Banyu Langit Cottage,Pesawaran,0.0,0.0,0.0
ChIJIVnmPs7URi4RsN3yHkPlUp4,Air Terjun Ciupang,Pesawaran,ChIJlbfh5AnRQC4Rb-xnkgq5Tkg,Air Terjun Gunung Betung,Pesawaran,28.46,65.77,0.0
ChIJIVnmPs7URi4RsN3yHkPlUp4,Air Terjun Ciupang,Pesawaran,ChIJMX9ZWwApQS4RfOXXYJNpcrg,Air Terjun Tanah Longsor,Pesawaran,0.0,0.0,0.0
ChIJIVnmPs7URi4RsN3yHkPlUp4,Air Terjun Ciupang,Pesawaran,ChIJIed3vDvRQC4RdGIaBDXcwEc,Tahura Wan Abdul Rachman (Gunung Betung),Pesawaran,44.14,90.92,0.0
ChIJIVnmPs7URi4RsN3yHkPlUp4,Air Terjun Ciupang,Pesawaran,ChIJIV51KpLVQC4RGc3tog2ZGzk,Sinar Tiga Waterfall,Pesawaran,0.0,0.0,0.0
ChIJIVnmPs7URi4RsN3yHkPlUp4,Air Terjun Ciupang,Pesawaran,ChIJ3cnTqxYrQS4RAszRazO3pCU,Bukit Lantana Harapan Jaya,Pesawaran,29.9,65.73,0.0
ChIJIVnmPs7URi4RsN3yHkPlUp4,Air Terjun Ciupang,Pesawaran,ChIJoRmFnaorQS4ReARLKsq4O3s,Wisata Batu Ampar,Pesawaran,32.16,64.23,0.0
ChIJIVnmPs7URi4RsN3yHkPlUp4,Air Terjun Ciupang,Pesawaran,ChIJGbOY1KTXQC4RegIFj6UbcZg,Tebing Lengkung,Pesawaran,0.0,0.0,0.0
ChIJIVnmPs7URi4RsN3yHkPlUp4,Air Terjun Ciupang,Pesawaran,ChIJsx4h_kQrQS4R7e-7eDElAYM,Puncak Punggung Naga Sukmo Ilang,Pesawaran,0.0,0.0,0.0
ChIJIVnmPs7URi4RsN3yHkPlUp4,Air Terjun Ciupang,Pesawaran,ChIJ_afy0B3TQC4R2eV6sBqQWok,Lembah Damai Gunung Batu,Pesawaran,0.0,0.0,0.0
ChIJIVnmPs7URi4RsN3yHkPlUp4,Air Terjun Ciupang,Pesawaran,ChIJKWnsgknXQC4ROZYwvxCMS8I,Air Terjun Seribu Mimpi,Pesawaran,0.0,0.0,0.0
ChIJIVnmPs7URi4RsN3yHkPlUp4,Air Terjun Ciupang,Pesawaran,ChIJw12SH87TQC4RcnUAv91QuNs,Taman Wisata BMJ (Bawono Maju Jaya),Pesawaran,0.0,0.0,0.0
ChIJIVnmPs7URi4RsN3yHkPlUp4,Air Terjun Ciupang,Pesawaran,ChIJqVnn6e_QQC4R8oRLcdcBVU0,PENANGKARAN RUSA TAHURA WAN ABDUL RACHMAN LAMPUNG,Pesawaran,44.14,90.92,0.0
ChIJIVnmPs7URi4RsN3yHkPlUp4,Air Terjun Ciupang,Pesawaran,ChIJ2-hsOHnRQC4R2tLHqw7hIuA,Camping Ground Tahura WAR,Pesawaran,38.51,76.4,0.0
ChIJIVnmPs7URi4RsN3yHkPlUp4,Air Terjun Ciupang,Pesawaran,ChIJ6-LBOW0rQS4RZeVddkTtf_0,Bumi Perkemahan Bukit Cendana (SEWA TENDA),Pesawaran,0.0,0.0,0.0
ChIJIVnmPs7URi4RsN3yHkPlUp4,Air Terjun Ciupang,Pesawaran,ChIJ7YZ_Jn3TQC4RqwpNsq-6ZWY,Bronjong Way LimaBumi Perkemahan Way Lima Bronjong Pesawaran,Pesawaran,11.13,33.15,0.0
ChIJCzmFx_3TQC4RjLLiJwNge-I,Wisata Air Beronjong,Pesawaran,ChIJIVnmPs7URi4RsN3yHkPlUp4,Air Terjun Ciupang,Pesawaran,12.5,34.63,0.0
ChIJCzmFx_3TQC4RjLLiJwNge-I,Wisata Air Beronjong,Pesawaran,ChIJFQQP-XzXQC4RllvV30rEsqk,Air Terjun Talang Rabun,Pesawaran,12.5,34.63,0.0
ChIJCzmFx_3TQC4RjLLiJwNge-I,Wisata Air Beronjong,Pesawaran,ChIJc0riXbUrQS4RWLy-4d2PSKc,Puncak Bukit Cendana Pesawaran,Pesawaran,13.9,33.4,0.0
ChIJCzmFx_3TQC4RjLLiJwNge-I,Wisata Air Beronjong,Pesawaran,ChIJjS07S4TRQC4REDO1QHeBhS4,Desa Wisata Sumberagung,Pesawaran,81.0,126.45,0.0
ChIJCzmFx_3TQC4RjLLiJwNge-I,Wisata Air Beronjong,Pesawaran,ChIJD4R0jOfTQC4RV4gw2iaR2ls,Way Mios Gunung Batu,Pesawaran,12.5,34.63,0.0
ChIJCzmFx_3TQC4RjLLiJwNge-I,Wisata Air Beronjong,Pesawaran,ChIJZXBd8oIqQS4RWJcEKh7cfWs,Air Terjun Anglo,Pesawaran,24.81,47.3,0.0
ChIJCzmFx_3TQC4RjLLiJwNge-I,Wisata Air Beronjong,Pesawaran,ChIJ_0Sfqd_RQC4R5QSB12eur5g,Wisata Puncak Vietnam,Pesawaran,27.24,58.62,0.0
ChIJCzmFx_3TQC4RjLLiJwNge-I,Wisata Air Beronjong,Pesawaran,ChIJIT_yrzbRQC4RkZRTkZbdbew,Kampoeng Vietnam,Pesawaran,12.5,34.63,0.0
ChIJCzmFx_3TQC4RjLLiJwNge-I,Wisata Air Beronjong,Pesawaran,ChIJI57gPwDTQC4RjiqEL9jHyIQ,Banyu Langit Cottage,Pesawaran,12.5,34.63,0.0
ChIJCzmFx_3TQC4RjLLiJwNge-I,Wisata Air Beronjong,Pesawaran,ChIJlbfh5AnRQC4Rb-xnkgq5Tkg,Air Terjun Gunung Betung,Pesawaran,28.17,61.4,0.0
ChIJCzmFx_3TQC4RjLLiJwNge-I,Wisata Air Beronjong,Pesawaran,ChIJMX9ZWwApQS4RfOXXYJNpcrg,Air Terjun Tanah Longsor,Pesawaran,12.5,34.63,0.0
ChIJCzmFx_3TQC4RjLLiJwNge-I,Wisata Air Beronjong,Pesawaran,ChIJIed3vDvRQC4RdGIaBDXcwEc,Tahura Wan Abdul Rachman (Gunung Betung),Pesawaran,43.84,86.52,0.0
ChIJCzmFx_3TQC4RjLLiJwNge-I,Wisata Air Beronjong,Pesawaran,ChIJIV51KpLVQC4RGc3tog2ZGzk,Sinar Tiga Waterfall,Pesawaran,12.5,34.63,0.0
ChIJCzmFx_3TQC4RjLLiJwNge-I,Wisata Air Beronjong,Pesawaran,ChIJ3cnTqxYrQS4RAszRazO3pCU,Bukit Lantana Harapan Jaya,Pesawaran,21.34,46.6,0.0
ChIJCzmFx_3TQC4RjLLiJwNge-I,Wisata Air Beronjong,Pesawaran,ChIJoRmFnaorQS4ReARLKsq4O3s,Wisata Batu Ampar,Pesawaran,23.59,45.1,0.0
ChIJCzmFx_3TQC4RjLLiJwNge-I,Wisata Air Beronjong,Pesawaran,ChIJGbOY1KTXQC4RegIFj6UbcZg,Tebing Lengkung,Pesawaran,12.5,34.63,0.0
ChIJCzmFx_3TQC4RjLLiJwNge-I,Wisata Air Beronjong,Pesawaran,ChIJsx4h_kQrQS4R7e-7eDElAYM,Puncak Punggung Naga Sukmo Ilang,Pesawaran,12.5,34.63,0.0
ChIJCzmFx_3TQC4RjLLiJwNge-I,Wisata Air Beronjong,Pesawaran,ChIJ_afy0B3TQC4R2eV6sBqQWok,Lembah Damai Gunung Batu,Pesawaran,12.5,34.63,0.0
ChIJCzmFx_3TQC4RjLLiJwNge-I,Wisata Air Beronjong,Pesawaran,ChIJKWnsgknXQC4ROZYwvxCMS8I,Air Terjun Seribu Mimpi,Pesawaran,12.5,34.63,0.0
ChIJCzmFx_3TQC4RjLLiJwNge-I,Wisata Air Beronjong,Pesawaran,ChIJw12SH87TQC4RcnUAv91QuNs,Taman Wisata BMJ (Bawono Maju Jaya),Pesawaran,12.5,34.63,0.0
ChIJCzmFx_3TQC4RjLLiJwNge-I,Wisata Air Beronjong,Pesawaran,ChIJqVnn6e_QQC4R8oRLcdcBVU0,PENANGKARAN RUSA TAHURA WAN ABDUL RACHMAN LAMPUNG,Pesawaran,43.84,86.53,0.0
ChIJCzmFx_3TQC4RjLLiJwNge-I,Wisata Air Beronjong,Pesawaran,ChIJ2-hsOHnRQC4R2tLHqw7hIuA,Camping Ground Tahura WAR,Pesawaran,38.22,71.93,0.0
ChIJCzmFx_3TQC4RjLLiJwNge-I,Wisata Air Beronjong,Pesawaran,ChIJ6-LBOW0rQS4RZeVddkTtf_0,Bumi Perkemahan Bukit Cendana (SEWA TENDA),Pesawaran,12.5,34.63,0.0
ChIJCzmFx_3TQC4RjLLiJwNge-I,Wisata Air Beronjong,Pesawaran,ChIJ7YZ_Jn3TQC4RqwpNsq-6ZWY,Bronjong Way LimaBumi Perkemahan Way Lima Bronjong Pesawaran,Pesawaran,3.1,11.17,0.0
ChIJFQQP-XzXQC4RllvV30rEsqk,Air Terjun Talang Rabun,Pesawaran,ChIJIVnmPs7URi4RsN3yHkPlUp4,Air Terjun Ciupang,Pesawaran,0.0,0.0,0.0
ChIJFQQP-XzXQC4RllvV30rEsqk,Air Terjun Talang Rabun,Pesawaran,ChIJCzmFx_3TQC4RjLLiJwNge-I,Wisata Air Beronjong,Pesawaran,12.51,34.82,0.0
ChIJFQQP-XzXQC4RllvV30rEsqk,Air Terjun Talang Rabun,Pesawaran,ChIJc0riXbUrQS4RWLy-4d2PSKc,Puncak Bukit Cendana Pesawaran,Pesawaran,22.46,52.53,0.0
ChIJFQQP-XzXQC4RllvV30rEsqk,Air Terjun Talang Rabun,Pesawaran,ChIJjS07S4TRQC4REDO1QHeBhS4,Desa Wisata Sumberagung,Pesawaran,81.29,130.82,0.0
ChIJFQQP-XzXQC4RllvV30rEsqk,Air Terjun Talang Rabun,Pesawaran,ChIJD4R0jOfTQC4RV4gw2iaR2ls,Way Mios Gunung Batu,Pesawaran,0.0,0.0,0.0
ChIJFQQP-XzXQC4RllvV30rEsqk,Air Terjun Talang Rabun,Pesawaran,ChIJZXBd8oIqQS4RWJcEKh7cfWs,Air Terjun Anglo,Pesawaran,33.37,66.43,0.0
ChIJFQQP-XzXQC4RllvV30rEsqk,Air Terjun Talang Rabun,Pesawaran,ChIJ_0Sfqd_RQC4R5QSB12eur5g,Wisata Puncak Vietnam,Pesawaran,27.54,62.98,0.0
ChIJFQQP-XzXQC4RllvV30rEsqk,Air Terjun Talang Rabun,Pesawaran,ChIJIT_yrzbRQC4RkZRTkZbdbew,Kampoeng Vietnam,Pesawaran,0.0,0.0,0.0
ChIJFQQP-XzXQC4RllvV30rEsqk,Air Terjun Talang Rabun,Pesawaran,ChIJI57gPwDTQC4RjiqEL9jHyIQ,Banyu Langit Cottage,Pesawaran,0.0,0.0,0.0
ChIJFQQP-XzXQC4RllvV30rEsqk,Air Terjun Talang Rabun,Pesawaran,ChIJlbfh5AnRQC4Rb-xnkgq5Tkg,Air Terjun Gunung Betung,Pesawaran,28.46,65.77,0.0
ChIJFQQP-XzXQC4RllvV30rEsqk,Air Terjun Talang Rabun,Pesawaran,ChIJMX9ZWwApQS4RfOXXYJNpcrg,Air Terjun Tanah Longsor,Pesawaran,0.0,0.0,0.0
ChIJFQQP-XzXQC4RllvV30rEsqk,Air Terjun Talang Rabun,Pesawaran,ChIJIed3vDvRQC4RdGIaBDXcwEc,Tahura Wan Abdul Rachman (Gunung Betung),Pesawaran,44.14,90.92,0.0
ChIJFQQP-XzXQC4RllvV30rEsqk,Air Terjun Talang Rabun,Pesawaran,ChIJIV51KpLVQC4RGc3tog2ZGzk,Sinar Tiga Waterfall,Pesawaran,0.0,0.0,0.0
ChIJFQQP-XzXQC4RllvV30rEsqk,Air Terjun Talang Rabun,Pesawaran,ChIJ3cnTqxYrQS4RAszRazO3pCU,Bukit Lantana Harapan Jaya,Pesawaran,29.9,65.73,0.0
ChIJFQQP-XzXQC4RllvV30rEsqk,Air Terjun Talang Rabun,Pesawaran,ChIJoRmFnaorQS4ReARLKsq4O3s,Wisata Batu Ampar,Pesawaran,32.16,64.23,0.0
ChIJFQQP-XzXQC4RllvV30rEsqk,Air Terjun Talang Rabun,Pesawaran,ChIJGbOY1KTXQC4RegIFj6UbcZg,Tebing Lengkung,Pesawaran,0.0,0.0,0.0
ChIJFQQP-XzXQC4RllvV30rEsqk,Air Terjun Talang Rabun,Pesawaran,ChIJsx4h_kQrQS4R7e-7eDElAYM,Puncak Punggung Naga Sukmo Ilang,Pesawaran,0.0,0.0,0.0
ChIJFQQP-XzXQC4RllvV30rEsqk,Air Terjun Talang Rabun,Pesawaran,ChIJ_afy0B3TQC4R2eV6sBqQWok,Lembah Damai Gunung Batu,Pesawaran,0.0,0.0,0.0
ChIJFQQP-XzXQC4RllvV30rEsqk,Air Terjun Talang Rabun,Pesawaran,ChIJKWnsgknXQC4ROZYwvxCMS8I,Air Terjun Seribu Mimpi,Pesawaran,0.0,0.0,0.0
ChIJFQQP-XzXQC4RllvV30rEsqk,Air Terjun Talang Rabun,Pesawaran,ChIJw12SH87TQC4RcnUAv91QuNs,Taman Wisata BMJ (Bawono Maju Jaya),Pesawaran,0.0,0.0,0.0
ChIJFQQP-XzXQC4RllvV30rEsqk,Air Terjun Talang Rabun,Pesawaran,ChIJqVnn6e_QQC4R8oRLcdcBVU0,PENANGKARAN RUSA TAHURA WAN ABDUL RACHMAN LAMPUNG,Pesawaran,44.14,90.92,0.0
ChIJFQQP-XzXQC4RllvV30rEsqk,Air Terjun Talang Rabun,Pesawaran,ChIJ2-hsOHnRQC4R2tLHqw7hIuA,Camping Ground Tahura WAR,Pesawaran,38.51,76.4,0.0
ChIJFQQP-XzXQC4RllvV30rEsqk,Air Terjun Talang Rabun,Pesawaran,ChIJ6-LBOW0rQS4RZeVddkTtf_0,Bumi Perkemahan Bukit Cendana (SEWA TENDA),Pesawaran,0.0,0.0,0.0
ChIJFQQP-XzXQC4RllvV30rEsqk,Air Terjun Talang Rabun,Pesawaran,ChIJ7YZ_Jn3TQC4RqwpNsq-6ZWY,Bronjong Way LimaBumi Perkemahan Way Lima Bronjong Pesawaran,Pesawaran,11.13,33.15,0.0
ChIJc0riXbUrQS4RWLy-4d2PSKc,Puncak Bukit Cendana Pesawaran,Pesawaran,ChIJIVnmPs7URi4RsN3yHkPlUp4,Air Terjun Ciupang,Pesawaran,22.48,52.18,0.0
ChIJc0riXbUrQS4RWLy-4d2PSKc,Puncak Bukit Cendana Pesawaran,Pesawaran,ChIJCzmFx_3TQC4RjLLiJwNge-I,Wisata Air Beronjong,Pesawaran,13.93,33.35,0.0
ChIJc0riXbUrQS4RWLy-4d2PSKc,Puncak Bukit Cendana Pesawaran,Pesawaran,ChIJFQQP-XzXQC4RllvV30rEsqk,Air Terjun Talang Rabun,Pesawaran,22.48,52.18,0.0
ChIJc0riXbUrQS4RWLy-4d2PSKc,Puncak Bukit Cendana Pesawaran,Pesawaran,ChIJjS07S4TRQC4REDO1QHeBhS4,Desa Wisata Sumberagung,Pesawaran,90.98,144.25,0.0
ChIJc0riXbUrQS4RWLy-4d2PSKc,Puncak Bukit Cendana Pesawaran,Pesawaran,ChIJD4R0jOfTQC4RV4gw2iaR2ls,Way Mios Gunung Batu,Pesawaran,22.48,52.18,0.0
ChIJc0riXbUrQS4RWLy-4d2PSKc,Puncak Bukit Cendana Pesawaran,Pesawaran,ChIJZXBd8oIqQS4RWJcEKh7cfWs,Air Terjun Anglo,Pesawaran,12.12,23.08,0.0
ChIJc0riXbUrQS4RWLy-4d2PSKc,Puncak Bukit Cendana Pesawaran,Pesawaran,ChIJ_0Sfqd_RQC4R5QSB12eur5g,Wisata Puncak Vietnam,Pesawaran,37.23,76.42,0.0
ChIJc0riXbUrQS4RWLy-4d2PSKc,Puncak Bukit Cendana Pesawaran,Pesawaran,ChIJIT_yrzbRQC4RkZRTkZbdbew,Kampoeng Vietnam,Pesawaran,22.48,52.18,0.0
ChIJc0riXbUrQS4RWLy-4d2PSKc,Puncak Bukit Cendana Pesawaran,Pesawaran,ChIJI57gPwDTQC4RjiqEL9jHyIQ,Banyu Langit Cottage,Pesawaran,22.48,52.18,0.0
ChIJc0riXbUrQS4RWLy-4d2PSKc,Puncak Bukit Cendana Pesawaran,Pesawaran,ChIJlbfh5AnRQC4Rb-xnkgq5Tkg,Air Terjun Gunung Betung,Pesawaran,38.15,79.2,0.0
ChIJc0riXbUrQS4RWLy-4d2PSKc,Puncak Bukit Cendana Pesawaran,Pesawaran,ChIJMX9ZWwApQS4RfOXXYJNpcrg,Air Terjun Tanah Longsor,Pesawaran,22.48,52.18,0.0
ChIJc0riXbUrQS4RWLy-4d2PSKc,Puncak Bukit Cendana Pesawaran,Pesawaran,ChIJIed3vDvRQC4RdGIaBDXcwEc,Tahura Wan Abdul Rachman (Gunung Betung),Pesawaran,54.52,88.18,0.0
ChIJc0riXbUrQS4RWLy-4d2PSKc,Puncak Bukit Cendana Pesawaran,Pesawaran,ChIJIV51KpLVQC4RGc3tog2ZGzk,Sinar Tiga Waterfall,Pesawaran,22.48,52.18,0.0
ChIJc0riXbUrQS4RWLy-4d2PSKc,Puncak Bukit Cendana Pesawaran,Pesawaran,ChIJ3cnTqxYrQS4RAszRazO3pCU,Bukit Lantana Harapan Jaya,Pesawaran,8.65,22.38,0.0
ChIJc0riXbUrQS4RWLy-4d2PSKc,Puncak Bukit Cendana Pesawaran,Pesawaran,ChIJoRmFnaorQS4ReARLKsq4O3s,Wisata Batu Ampar,Pesawaran,10.91,20.88,0.0
ChIJc0riXbUrQS4RWLy-4d2PSKc,Puncak Bukit Cendana Pesawaran,Pesawaran,ChIJGbOY1KTXQC4RegIFj6UbcZg,Tebing Lengkung,Pesawaran,22.48,52.18,0.0
ChIJc0riXbUrQS4RWLy-4d2PSKc,Puncak Bukit Cendana Pesawaran,Pesawaran,ChIJsx4h_kQrQS4R7e-7eDElAYM,Puncak Punggung Naga Sukmo Ilang,Pesawaran,22.48,52.18,0.0
ChIJc0riXbUrQS4RWLy-4d2PSKc,Puncak Bukit Cendana Pesawaran,Pesawaran,ChIJ_afy0B3TQC4R2eV6sBqQWok,Lembah Damai Gunung Batu,Pesawaran,22.48,52.18,0.0
ChIJc0riXbUrQS4RWLy-4d2PSKc,Puncak Bukit Cendana Pesawaran,Pesawaran,ChIJKWnsgknXQC4ROZYwvxCMS8I,Air Terjun Seribu Mimpi,Pesawaran,22.48,52.18,0.0
ChIJc0riXbUrQS4RWLy-4d2PSKc,Puncak Bukit Cendana Pesawaran,Pesawaran,ChIJw12SH87TQC4RcnUAv91QuNs,Taman Wisata BMJ (Bawono Maju Jaya),Pesawaran,22.48,52.18,0.0
ChIJc0riXbUrQS4RWLy-4d2PSKc,Puncak Bukit Cendana Pesawaran,Pesawaran,ChIJqVnn6e_QQC4R8oRLcdcBVU0,PENANGKARAN RUSA TAHURA WAN ABDUL RACHMAN LAMPUNG,Pesawaran,54.52,88.18,0.0
ChIJc0riXbUrQS4RWLy-4d2PSKc,Puncak Bukit Cendana Pesawaran,Pesawaran,ChIJ2-hsOHnRQC4R2tLHqw7hIuA,Camping Ground Tahura WAR,Pesawaran,48.2,89.93,0.0
ChIJc0riXbUrQS4RWLy-4d2PSKc,Puncak Bukit Cendana Pesawaran,Pesawaran,ChIJ6-LBOW0rQS4RZeVddkTtf_0,Bumi Perkemahan Bukit Cendana (SEWA TENDA),Pesawaran,22.48,52.18,0.0
ChIJc0riXbUrQS4RWLy-4d2PSKc,Puncak Bukit Cendana Pesawaran,Pesawaran,ChIJ7YZ_Jn3TQC4RqwpNsq-6ZWY,Bronjong Way LimaBumi Perkemahan Way Lima Bronjong Pesawaran,Pesawaran,15.52,38.93,0.0
ChIJjS07S4TRQC4REDO1QHeBhS4,Desa Wisata Sumberagung,Pesawaran,ChIJIVnmPs7URi4RsN3yHkPlUp4,Air Terjun Ciupang,Pesawaran,72.07,128.63,0.0
ChIJjS07S4TRQC4REDO1QHeBhS4,Desa Wisata Sumberagung,Pesawaran,ChIJCzmFx_3TQC4RjLLiJwNge-I,Wisata Air Beronjong,Pesawaran,71.79,124.47,0.0
ChIJjS07S4TRQC4REDO1QHeBhS4,Desa Wisata Sumberagung,Pesawaran,ChIJFQQP-XzXQC4RllvV30rEsqk,Air Terjun Talang Rabun,Pesawaran,72.07,128.63,0.0
ChIJjS07S4TRQC4REDO1QHeBhS4,Desa Wisata Sumberagung,Pesawaran,ChIJc0riXbUrQS4RWLy-4d2PSKc,Puncak Bukit Cendana Pesawaran,Pesawaran,81.74,142.48,0.0
ChIJjS07S4TRQC4REDO1QHeBhS4,Desa Wisata Sumberagung,Pesawaran,ChIJD4R0jOfTQC4RV4gw2iaR2ls,Way Mios Gunung Batu,Pesawaran,72.07,128.63,0.0
ChIJjS07S4TRQC4REDO1QHeBhS4,Desa Wisata Sumberagung,Pesawaran,ChIJZXBd8oIqQS4RWJcEKh7cfWs,Air Terjun Anglo,Pesawaran,92.65,156.47,0.0
ChIJjS07S4TRQC4REDO1QHeBhS4,Desa Wisata Sumberagung,Pesawaran,ChIJ_0Sfqd_RQC4R5QSB12eur5g,Wisata Puncak Vietnam,Pesawaran,56.28,97.33,0.0
ChIJjS07S4TRQC4REDO1QHeBhS4,Desa Wisata Sumberagung,Pesawaran,ChIJIT_yrzbRQC4RkZRTkZbdbew,Kampoeng Vietnam,Pesawaran,72.07,128.63,0.0
ChIJjS07S4TRQC4REDO1QHeBhS4,Desa Wisata Sumberagung,Pesawaran,ChIJI57gPwDTQC4RjiqEL9jHyIQ,Banyu Langit Cottage,Pesawaran,72.07,128.63,0.0
ChIJjS07S4TRQC4REDO1QHeBhS4,Desa Wisata Sumberagung,Pesawaran,ChIJlbfh5AnRQC4Rb-xnkgq5Tkg,Air Terjun Gunung Betung,Pesawaran,57.21,100.12,0.0
ChIJjS07S4TRQC4REDO1QHeBhS4,Desa Wisata Sumberagung,Pesawaran,ChIJMX9ZWwApQS4RfOXXYJNpcrg,Air Terjun Tanah Longsor,Pesawaran,72.07,128.63,0.0
ChIJjS07S4TRQC4REDO1QHeBhS4,Desa Wisata Sumberagung,Pesawaran,ChIJIed3vDvRQC4RdGIaBDXcwEc,Tahura Wan Abdul Rachman (Gunung Betung),Pesawaran,48.93,97.57,0.0
ChIJjS07S4TRQC4REDO1QHeBhS4,Desa Wisata Sumberagung,Pesawaran,ChIJIV51KpLVQC4RGc3tog2ZGzk,Sinar Tiga Waterfall,Pesawaran,72.07,128.63,0.0
ChIJjS07S4TRQC4REDO1QHeBhS4,Desa Wisata Sumberagung,Pesawaran,ChIJ3cnTqxYrQS4RAszRazO3pCU,Bukit Lantana Harapan Jaya,Pesawaran,89.18,155.75,0.0
ChIJjS07S4TRQC4REDO1QHeBhS4,Desa Wisata Sumberagung,Pesawaran,ChIJoRmFnaorQS4ReARLKsq4O3s,Wisata Batu Ampar,Pesawaran,91.44,154.28,0.0
ChIJjS07S4TRQC4REDO1QHeBhS4,Desa Wisata Sumberagung,Pesawaran,ChIJGbOY1KTXQC4RegIFj6UbcZg,Tebing Lengkung,Pesawaran,72.07,128.63,0.0
ChIJjS07S4TRQC4REDO1QHeBhS4,Desa Wisata Sumberagung,Pesawaran,ChIJsx4h_kQrQS4R7e-7eDElAYM,Puncak Punggung Naga Sukmo Ilang,Pesawaran,72.07,128.63,0.0
ChIJjS07S4TRQC4REDO1QHeBhS4,Desa Wisata Sumberagung,Pesawaran,ChIJ_afy0B3TQC4R2eV6sBqQWok,Lembah Damai Gunung Batu,Pesawaran,72.07,128.63,0.0
ChIJjS07S4TRQC4REDO1QHeBhS4,Desa Wisata Sumberagung,Pesawaran,ChIJKWnsgknXQC4ROZYwvxCMS8I,Air Terjun Seribu Mimpi,Pesawaran,72.07,128.65,0.0
ChIJjS07S4TRQC4REDO1QHeBhS4,Desa Wisata Sumberagung,Pesawaran,ChIJw12SH87TQC4RcnUAv91QuNs,Taman Wisata BMJ (Bawono Maju Jaya),Pesawaran,72.07,128.65,0.0
ChIJjS07S4TRQC4REDO1QHeBhS4,Desa Wisata Sumberagung,Pesawaran,ChIJqVnn6e_QQC4R8oRLcdcBVU0,PENANGKARAN RUSA TAHURA WAN ABDUL RACHMAN LAMPUNG,Pesawaran,48.93,97.58,0.0
ChIJjS07S4TRQC4REDO1QHeBhS4,Desa Wisata Sumberagung,Pesawaran,ChIJ2-hsOHnRQC4R2tLHqw7hIuA,Camping Ground Tahura WAR,Pesawaran,35.07,65.03,0.0
ChIJjS07S4TRQC4REDO1QHeBhS4,Desa Wisata Sumberagung,Pesawaran,ChIJ6-LBOW0rQS4RZeVddkTtf_0,Bumi Perkemahan Bukit Cendana (SEWA TENDA),Pesawaran,72.07,128.65,0.0
ChIJjS07S4TRQC4REDO1QHeBhS4,Desa Wisata Sumberagung,Pesawaran,ChIJ7YZ_Jn3TQC4RqwpNsq-6ZWY,Bronjong Way LimaBumi Perkemahan Way Lima Bronjong Pesawaran,Pesawaran,70.41,122.87,0.0
ChIJD4R0jOfTQC4RV4gw2iaR2ls,Way Mios Gunung Batu,Pesawaran,ChIJIVnmPs7URi4RsN3yHkPlUp4,Air Terjun Ciupang,Pesawaran,0.0,0.0,0.0
ChIJD4R0jOfTQC4RV4gw2iaR2ls,Way Mios Gunung Batu,Pesawaran,ChIJCzmFx_3TQC4RjLLiJwNge-I,Wisata Air Beronjong,Pesawaran,12.51,34.82,0.0
ChIJD4R0jOfTQC4RV4gw2iaR2ls,Way Mios Gunung Batu,Pesawaran,ChIJFQQP-XzXQC4RllvV30rEsqk,Air Terjun Talang Rabun,Pesawaran,0.0,0.0,0.0
ChIJD4R0jOfTQC4RV4gw2iaR2ls,Way Mios Gunung Batu,Pesawaran,ChIJc0riXbUrQS4RWLy-4d2PSKc,Puncak Bukit Cendana Pesawaran,Pesawaran,22.46,52.52,0.0
ChIJD4R0jOfTQC4RV4gw2iaR2ls,Way Mios Gunung Batu,Pesawaran,ChIJjS07S4TRQC4REDO1QHeBhS4,Desa Wisata Sumberagung,Pesawaran,81.29,130.82,0.0
ChIJD4R0jOfTQC4RV4gw2iaR2ls,Way Mios Gunung Batu,Pesawaran,ChIJZXBd8oIqQS4RWJcEKh7cfWs,Air Terjun Anglo,Pesawaran,33.37,66.43,0.0
ChIJD4R0jOfTQC4RV4gw2iaR2ls,Way Mios Gunung Batu,Pesawaran,ChIJ_0Sfqd_RQC4R5QSB12eur5g,Wisata Puncak Vietnam,Pesawaran,27.54,62.98,0.0
ChIJD4R0jOfTQC4RV4gw2iaR2ls,Way Mios Gunung Batu,Pesawaran,ChIJIT_yrzbRQC4RkZRTkZbdbew,Kampoeng Vietnam,Pesawaran,0.0,0.0,0.0
ChIJD4R0jOfTQC4RV4gw2iaR2ls,Way Mios Gunung Batu,Pesawaran,ChIJI57gPwDTQC4RjiqEL9jHyIQ,Banyu Langit Cottage,Pesawaran,0.0,0.0,0.0
ChIJD4R0jOfTQC4RV4gw2iaR2ls,Way Mios Gunung Batu,Pesawaran,ChIJlbfh5AnRQC4Rb-xnkgq5Tkg,Air Terjun Gunung Betung,Pesawaran,28.46,65.77,0.0
ChIJD4R0jOfTQC4RV4gw2iaR2ls,Way Mios Gunung Batu,Pesawaran,ChIJMX9ZWwApQS4RfOXXYJNpcrg,Air Terjun Tanah Longsor,Pesawaran,0.0,0.0,0.0
ChIJD4R0jOfTQC4RV4gw2iaR2ls,Way Mios Gunung Batu,Pesawaran,ChIJIed3vDvRQC4RdGIaBDXcwEc,Tahura Wan Abdul Rachman (Gunung Betung),Pesawaran,44.14,90.93,0.0
ChIJD4R0jOfTQC4RV4gw2iaR2ls,Way Mios Gunung Batu,Pesawaran,ChIJIV51KpLVQC4RGc3tog2ZGzk,Sinar Tiga Waterfall,Pesawaran,0.0,0.0,0.0
ChIJD4R0jOfTQC4RV4gw2iaR2ls,Way Mios Gunung Batu,Pesawaran,ChIJ3cnTqxYrQS4RAszRazO3pCU,Bukit Lantana Harapan Jaya,Pesawaran,29.9,65.73,0.0
ChIJD4R0jOfTQC4RV4gw2iaR2ls,Way Mios Gunung Batu,Pesawaran,ChIJoRmFnaorQS4ReARLKsq4O3s,Wisata Batu Ampar,Pesawaran,32.16,64.23,0.0
ChIJD4R0jOfTQC4RV4gw2iaR2ls,Way Mios Gunung Batu,Pesawaran,ChIJGbOY1KTXQC4RegIFj6UbcZg,Tebing Lengkung,Pesawaran,0.0,0.0,0.0
ChIJD4R0jOfTQC4RV4gw2iaR2ls,Way Mios Gunung Batu,Pesawaran,ChIJsx4h_kQrQS4R7e-7eDElAYM,Puncak Punggung Naga Sukmo Ilang,Pesawaran,0.0,0.0,0.0
ChIJD4R0jOfTQC4RV4gw2iaR2ls,Way Mios Gunung Batu,Pesawaran,ChIJ_afy0B3TQC4R2eV6sBqQWok,Lembah Damai Gunung Batu,Pesawaran,0.0,0.0,0.0
ChIJD4R0jOfTQC4RV4gw2iaR2ls,Way Mios Gunung Batu,Pesawaran,ChIJKWnsgknXQC4ROZYwvxCMS8I,Air Terjun Seribu Mimpi,Pesawaran,0.0,0.0,0.0
ChIJD4R0jOfTQC4RV4gw2iaR2ls,Way Mios Gunung Batu,Pesawaran,ChIJw12SH87TQC4RcnUAv91QuNs,Taman Wisata BMJ (Bawono Maju Jaya),Pesawaran,0.0,0.0,0.0
ChIJD4R0jOfTQC4RV4gw2iaR2ls,Way Mios Gunung Batu,Pesawaran,ChIJqVnn6e_QQC4R8oRLcdcBVU0,PENANGKARAN RUSA TAHURA WAN ABDUL RACHMAN LAMPUNG,Pesawaran,44.14,90.93,0.0
ChIJD4R0jOfTQC4RV4gw2iaR2ls,Way Mios Gunung Batu,Pesawaran,ChIJ2-hsOHnRQC4R2tLHqw7hIuA,Camping Ground Tahura WAR,Pesawaran,38.51,76.4,0.0
ChIJD4R0jOfTQC4RV4gw2iaR2ls,Way Mios Gunung Batu,Pesawaran,ChIJ6-LBOW0rQS4RZeVddkTtf_0,Bumi Perkemahan Bukit Cendana (SEWA TENDA),Pesawaran,0.0,0.0,0.0
ChIJD4R0jOfTQC4RV4gw2iaR2ls,Way Mios Gunung Batu,Pesawaran,ChIJ7YZ_Jn3TQC4RqwpNsq-6ZWY,Bronjong Way LimaBumi Perkemahan Way Lima Bronjong Pesawaran,Pesawaran,11.13,33.15,0.0
ChIJZXBd8oIqQS4RWJcEKh7cfWs,Air Terjun Anglo,Pesawaran,ChIJIVnmPs7URi4RsN3yHkPlUp4,Air Terjun Ciupang,Pesawaran,33.36,65.57,0.0
ChIJZXBd8oIqQS4RWJcEKh7cfWs,Air Terjun Anglo,Pesawaran,ChIJCzmFx_3TQC4RjLLiJwNge-I,Wisata Air Beronjong,Pesawaran,24.81,46.73,0.0
ChIJZXBd8oIqQS4RWJcEKh7cfWs,Air Terjun Anglo,Pesawaran,ChIJFQQP-XzXQC4RllvV30rEsqk,Air Terjun Talang Rabun,Pesawaran,33.36,65.57,0.0
ChIJZXBd8oIqQS4RWJcEKh7cfWs,Air Terjun Anglo,Pesawaran,ChIJc0riXbUrQS4RWLy-4d2PSKc,Puncak Bukit Cendana Pesawaran,Pesawaran,12.12,22.85,0.0
ChIJZXBd8oIqQS4RWJcEKh7cfWs,Air Terjun Anglo,Pesawaran,ChIJjS07S4TRQC4REDO1QHeBhS4,Desa Wisata Sumberagung,Pesawaran,101.85,158.0,0.0
ChIJZXBd8oIqQS4RWJcEKh7cfWs,Air Terjun Anglo,Pesawaran,ChIJD4R0jOfTQC4RV4gw2iaR2ls,Way Mios Gunung Batu,Pesawaran,33.36,65.57,0.0
ChIJZXBd8oIqQS4RWJcEKh7cfWs,Air Terjun Anglo,Pesawaran,ChIJ_0Sfqd_RQC4R5QSB12eur5g,Wisata Puncak Vietnam,Pesawaran,48.1,90.07,0.0
ChIJZXBd8oIqQS4RWJcEKh7cfWs,Air Terjun Anglo,Pesawaran,ChIJIT_yrzbRQC4RkZRTkZbdbew,Kampoeng Vietnam,Pesawaran,33.36,65.57,0.0
ChIJZXBd8oIqQS4RWJcEKh7cfWs,Air Terjun Anglo,Pesawaran,ChIJI57gPwDTQC4RjiqEL9jHyIQ,Banyu Langit Cottage,Pesawaran,33.36,65.57,0.0
ChIJZXBd8oIqQS4RWJcEKh7cfWs,Air Terjun Anglo,Pesawaran,ChIJlbfh5AnRQC4Rb-xnkgq5Tkg,Air Terjun Gunung Betung,Pesawaran,49.03,92.85,0.0
ChIJZXBd8oIqQS4RWJcEKh7cfWs,Air Terjun Anglo,Pesawaran,ChIJMX9ZWwApQS4RfOXXYJNpcrg,Air Terjun Tanah Longsor,Pesawaran,33.36,65.57,0.0
ChIJZXBd8oIqQS4RWJcEKh7cfWs,Air Terjun Anglo,Pesawaran,ChIJIed3vDvRQC4RdGIaBDXcwEc,Tahura Wan Abdul Rachman (Gunung Betung),Pesawaran,42.4,65.07,0.0
ChIJZXBd8oIqQS4RWJcEKh7cfWs,Air Terjun Anglo,Pesawaran,ChIJIV51KpLVQC4RGc3tog2ZGzk,Sinar Tiga Waterfall,Pesawaran,33.36,65.57,0.0
ChIJZXBd8oIqQS4RWJcEKh7cfWs,Air Terjun Anglo,Pesawaran,ChIJ3cnTqxYrQS4RAszRazO3pCU,Bukit Lantana Harapan Jaya,Pesawaran,11.73,24.37,0.0
ChIJZXBd8oIqQS4RWJcEKh7cfWs,Air Terjun Anglo,Pesawaran,ChIJoRmFnaorQS4ReARLKsq4O3s,Wisata Batu Ampar,Pesawaran,1.21,2.17,0.0
ChIJZXBd8oIqQS4RWJcEKh7cfWs,Air Terjun Anglo,Pesawaran,ChIJGbOY1KTXQC4RegIFj6UbcZg,Tebing Lengkung,Pesawaran,33.36,65.57,0.0
ChIJZXBd8oIqQS4RWJcEKh7cfWs,Air Terjun Anglo,Pesawaran,ChIJsx4h_kQrQS4R7e-7eDElAYM,Puncak Punggung Naga Sukmo Ilang,Pesawaran,33.36,65.57,0.0
ChIJZXBd8oIqQS4RWJcEKh7cfWs,Air Terjun Anglo,Pesawaran,ChIJ_afy0B3TQC4R2eV6sBqQWok,Lembah Damai Gunung Batu,Pesawaran,33.36,65.57,0.0
ChIJZXBd8oIqQS4RWJcEKh7cfWs,Air Terjun Anglo,Pesawaran,ChIJKWnsgknXQC4ROZYwvxCMS8I,Air Terjun Seribu Mimpi,Pesawaran,33.36,65.57,0.0
ChIJZXBd8oIqQS4RWJcEKh7cfWs,Air Terjun Anglo,Pesawaran,ChIJw12SH87TQC4RcnUAv91QuNs,Taman Wisata BMJ (Bawono Maju Jaya),Pesawaran,33.36,65.57,0.0
ChIJZXBd8oIqQS4RWJcEKh7cfWs,Air Terjun Anglo,Pesawaran,ChIJqVnn6e_QQC4R8oRLcdcBVU0,PENANGKARAN RUSA TAHURA WAN ABDUL RACHMAN LAMPUNG,Pesawaran,42.4,65.07,0.0
ChIJZXBd8oIqQS4RWJcEKh7cfWs,Air Terjun Anglo,Pesawaran,ChIJ2-hsOHnRQC4R2tLHqw7hIuA,Camping Ground Tahura WAR,Pesawaran,59.07,103.82,0.0
ChIJZXBd8oIqQS4RWJcEKh7cfWs,Air Terjun Anglo,Pesawaran,ChIJ6-LBOW0rQS4RZeVddkTtf_0,Bumi Perkemahan Bukit Cendana (SEWA TENDA),Pesawaran,33.36,65.57,0.0
ChIJZXBd8oIqQS4RWJcEKh7cfWs,Air Terjun Anglo,Pesawaran,ChIJ7YZ_Jn3TQC4RqwpNsq-6ZWY,Bronjong Way LimaBumi Perkemahan Way Lima Bronjong Pesawaran,Pesawaran,26.39,52.32,0.0
ChIJ_0Sfqd_RQC4R5QSB12eur5g,Wisata Puncak Vietnam,Pesawaran,ChIJIVnmPs7URi4RsN3yHkPlUp4,Air Terjun Ciupang,Pesawaran,27.47,59.73,0.0
ChIJ_0Sfqd_RQC4R5QSB12eur5g,Wisata Puncak Vietnam,Pesawaran,ChIJCzmFx_3TQC4RjLLiJwNge-I,Wisata Air Beronjong,Pesawaran,27.19,55.7,0.0
ChIJ_0Sfqd_RQC4R5QSB12eur5g,Wisata Puncak Vietnam,Pesawaran,ChIJFQQP-XzXQC4RllvV30rEsqk,Air Terjun Talang Rabun,Pesawaran,27.47,59.73,0.0
ChIJ_0Sfqd_RQC4R5QSB12eur5g,Wisata Puncak Vietnam,Pesawaran,ChIJc0riXbUrQS4RWLy-4d2PSKc,Puncak Bukit Cendana Pesawaran,Pesawaran,37.14,73.48,0.0
ChIJ_0Sfqd_RQC4R5QSB12eur5g,Wisata Puncak Vietnam,Pesawaran,ChIJjS07S4TRQC4REDO1QHeBhS4,Desa Wisata Sumberagung,Pesawaran,55.27,93.57,0.0
ChIJ_0Sfqd_RQC4R5QSB12eur5g,Wisata Puncak Vietnam,Pesawaran,ChIJD4R0jOfTQC4RV4gw2iaR2ls,Way Mios Gunung Batu,Pesawaran,27.47,59.73,0.0
ChIJ_0Sfqd_RQC4R5QSB12eur5g,Wisata Puncak Vietnam,Pesawaran,ChIJZXBd8oIqQS4RWJcEKh7cfWs,Air Terjun Anglo,Pesawaran,48.05,87.38,0.0
ChIJ_0Sfqd_RQC4R5QSB12eur5g,Wisata Puncak Vietnam,Pesawaran,ChIJIT_yrzbRQC4RkZRTkZbdbew,Kampoeng Vietnam,Pesawaran,27.47,59.73,0.0
ChIJ_0Sfqd_RQC4R5QSB12eur5g,Wisata Puncak Vietnam,Pesawaran,ChIJI57gPwDTQC4RjiqEL9jHyIQ,Banyu Langit Cottage,Pesawaran,27.47,59.73,0.0
ChIJ_0Sfqd_RQC4R5QSB12eur5g,Wisata Puncak Vietnam,Pesawaran,ChIJlbfh5AnRQC4Rb-xnkgq5Tkg,Air Terjun Gunung Betung,Pesawaran,1.34,5.45,0.0
ChIJ_0Sfqd_RQC4R5QSB12eur5g,Wisata Puncak Vietnam,Pesawaran,ChIJMX9ZWwApQS4RfOXXYJNpcrg,Air Terjun Tanah Longsor,Pesawaran,27.47,59.73,0.0
ChIJ_0Sfqd_RQC4R5QSB12eur5g,Wisata Puncak Vietnam,Pesawaran,ChIJIed3vDvRQC4RdGIaBDXcwEc,Tahura Wan Abdul Rachman (Gunung Betung),Pesawaran,19.52,39.42,0.0
ChIJ_0Sfqd_RQC4R5QSB12eur5g,Wisata Puncak Vietnam,Pesawaran,ChIJIV51KpLVQC4RGc3tog2ZGzk,Sinar Tiga Waterfall,Pesawaran,27.47,59.73,0.0
ChIJ_0Sfqd_RQC4R5QSB12eur5g,Wisata Puncak Vietnam,Pesawaran,ChIJ3cnTqxYrQS4RAszRazO3pCU,Bukit Lantana Harapan Jaya,Pesawaran,44.58,86.68,0.0
ChIJ_0Sfqd_RQC4R5QSB12eur5g,Wisata Puncak Vietnam,Pesawaran,ChIJoRmFnaorQS4ReARLKsq4O3s,Wisata Batu Ampar,Pesawaran,46.84,85.18,0.0
ChIJ_0Sfqd_RQC4R5QSB12eur5g,Wisata Puncak Vietnam,Pesawaran,ChIJGbOY1KTXQC4RegIFj6UbcZg,Tebing Lengkung,Pesawaran,27.47,59.73,0.0
ChIJ_0Sfqd_RQC4R5QSB12eur5g,Wisata Puncak Vietnam,Pesawaran,ChIJsx4h_kQrQS4R7e-7eDElAYM,Puncak Punggung Naga Sukmo Ilang,Pesawaran,27.47,59.73,0.0
ChIJ_0Sfqd_RQC4R5QSB12eur5g,Wisata Puncak Vietnam,Pesawaran,ChIJ_afy0B3TQC4R2eV6sBqQWok,Lembah Damai Gunung Batu,Pesawaran,27.47,59.73,0.0
ChIJ_0Sfqd_RQC4R5QSB12eur5g,Wisata Puncak Vietnam,Pesawaran,ChIJKWnsgknXQC4ROZYwvxCMS8I,Air Terjun Seribu Mimpi,Pesawaran,27.47,59.73,0.0
ChIJ_0Sfqd_RQC4R5QSB12eur5g,Wisata Puncak Vietnam,Pesawaran,ChIJw12SH87TQC4RcnUAv91QuNs,Taman Wisata BMJ (Bawono Maju Jaya),Pesawaran,27.47,59.73,0.0
ChIJ_0Sfqd_RQC4R5QSB12eur5g,Wisata Puncak Vietnam,Pesawaran,ChIJqVnn6e_QQC4R8oRLcdcBVU0,PENANGKARAN RUSA TAHURA WAN ABDUL RACHMAN LAMPUNG,Pesawaran,19.52,39.42,0.0
ChIJ_0Sfqd_RQC4R5QSB12eur5g,Wisata Puncak Vietnam,Pesawaran,ChIJ2-hsOHnRQC4R2tLHqw7hIuA,Camping Ground Tahura WAR,Pesawaran,20.5,37.1,0.0
ChIJ_0Sfqd_RQC4R5QSB12eur5g,Wisata Puncak Vietnam,Pesawaran,ChIJ6-LBOW0rQS4RZeVddkTtf_0,Bumi Perkemahan Bukit Cendana (SEWA TENDA),Pesawaran,27.47,59.73,0.0
ChIJ_0Sfqd_RQC4R5QSB12eur5g,Wisata Puncak Vietnam,Pesawaran,ChIJ7YZ_Jn3TQC4RqwpNsq-6ZWY,Bronjong Way LimaBumi Perkemahan Way Lima Bronjong Pesawaran,Pesawaran,25.81,54.02,0.0
ChIJIT_yrzbRQC4RkZRTkZbdbew,Kampoeng Vietnam,Pesawaran,ChIJIVnmPs7URi4RsN3yHkPlUp4,Air Terjun Ciupang,Pesawaran,0.0,0.0,0.0
ChIJIT_yrzbRQC4RkZRTkZbdbew,Kampoeng Vietnam,Pesawaran,ChIJCzmFx_3TQC4RjLLiJwNge-I,Wisata Air Beronjong,Pesawaran,12.51,34.82,0.0
ChIJIT_yrzbRQC4RkZRTkZbdbew,Kampoeng Vietnam,Pesawaran,ChIJFQQP-XzXQC4RllvV30rEsqk,Air Terjun Talang Rabun,Pesawaran,0.0,0.0,0.0
ChIJIT_yrzbRQC4RkZRTkZbdbew,Kampoeng Vietnam,Pesawaran,ChIJc0riXbUrQS4RWLy-4d2PSKc,Puncak Bukit Cendana Pesawaran,Pesawaran,22.46,52.52,0.0
ChIJIT_yrzbRQC4RkZRTkZbdbew,Kampoeng Vietnam,Pesawaran,ChIJjS07S4TRQC4REDO1QHeBhS4,Desa Wisata Sumberagung,Pesawaran,81.29,130.83,0.0
ChIJIT_yrzbRQC4RkZRTkZbdbew,Kampoeng Vietnam,Pesawaran,ChIJD4R0jOfTQC4RV4gw2iaR2ls,Way Mios Gunung Batu,Pesawaran,0.0,0.0,0.0
ChIJIT_yrzbRQC4RkZRTkZbdbew,Kampoeng Vietnam,Pesawaran,ChIJZXBd8oIqQS4RWJcEKh7cfWs,Air Terjun Anglo,Pesawaran,33.37,66.43,0.0
ChIJIT_yrzbRQC4RkZRTkZbdbew,Kampoeng Vietnam,Pesawaran,ChIJ_0Sfqd_RQC4R5QSB12eur5g,Wisata Puncak Vietnam,Pesawaran,27.54,62.98,0.0
ChIJIT_yrzbRQC4RkZRTkZbdbew,Kampoeng Vietnam,Pesawaran,ChIJI57gPwDTQC4RjiqEL9jHyIQ,Banyu Langit Cottage,Pesawaran,0.0,0.0,0.0
ChIJIT_yrzbRQC4RkZRTkZbdbew,Kampoeng Vietnam,Pesawaran,ChIJlbfh5AnRQC4Rb-xnkgq5Tkg,Air Terjun Gunung Betung,Pesawaran,28.46,65.77,0.0
ChIJIT_yrzbRQC4RkZRTkZbdbew,Kampoeng Vietnam,Pesawaran,ChIJMX9ZWwApQS4RfOXXYJNpcrg,Air Terjun Tanah Longsor,Pesawaran,0.0,0.0,0.0
ChIJIT_yrzbRQC4RkZRTkZbdbew,Kampoeng Vietnam,Pesawaran,ChIJIed3vDvRQC4RdGIaBDXcwEc,Tahura Wan Abdul Rachman (Gunung Betung),Pesawaran,44.14,90.95,0.0
ChIJIT_yrzbRQC4RkZRTkZbdbew,Kampoeng Vietnam,Pesawaran,ChIJIV51KpLVQC4RGc3tog2ZGzk,Sinar Tiga Waterfall,Pesawaran,0.0,0.0,0.0
ChIJIT_yrzbRQC4RkZRTkZbdbew,Kampoeng Vietnam,Pesawaran,ChIJ3cnTqxYrQS4RAszRazO3pCU,Bukit Lantana Harapan Jaya,Pesawaran,29.9,65.73,0.0
ChIJIT_yrzbRQC4RkZRTkZbdbew,Kampoeng Vietnam,Pesawaran,ChIJoRmFnaorQS4ReARLKsq4O3s,Wisata Batu Ampar,Pesawaran,32.16,64.23,0.0
ChIJIT_yrzbRQC4RkZRTkZbdbew,Kampoeng Vietnam,Pesawaran,ChIJGbOY1KTXQC4RegIFj6UbcZg,Tebing Lengkung,Pesawaran,0.0,0.0,0.0
ChIJIT_yrzbRQC4RkZRTkZbdbew,Kampoeng Vietnam,Pesawaran,ChIJsx4h_kQrQS4R7e-7eDElAYM,Puncak Punggung Naga Sukmo Ilang,Pesawaran,0.0,0.0,0.0
ChIJIT_yrzbRQC4RkZRTkZbdbew,Kampoeng Vietnam,Pesawaran,ChIJ_afy0B3TQC4R2eV6sBqQWok,Lembah Damai Gunung Batu,Pesawaran,0.0,0.0,0.0
ChIJIT_yrzbRQC4RkZRTkZbdbew,Kampoeng Vietnam,Pesawaran,ChIJKWnsgknXQC4ROZYwvxCMS8I,Air Terjun Seribu Mimpi,Pesawaran,0.0,0.0,0.0
ChIJIT_yrzbRQC4RkZRTkZbdbew,Kampoeng Vietnam,Pesawaran,ChIJw12SH87TQC4RcnUAv91QuNs,Taman Wisata BMJ (Bawono Maju Jaya),Pesawaran,0.0,0.0,0.0
ChIJIT_yrzbRQC4RkZRTkZbdbew,Kampoeng Vietnam,Pesawaran,ChIJqVnn6e_QQC4R8oRLcdcBVU0,PENANGKARAN RUSA TAHURA WAN ABDUL RACHMAN LAMPUNG,Pesawaran,44.14,90.95,0.0
ChIJIT_yrzbRQC4RkZRTkZbdbew,Kampoeng Vietnam,Pesawaran,ChIJ2-hsOHnRQC4R2tLHqw7hIuA,Camping Ground Tahura WAR,Pesawaran,38.51,76.4,0.0
ChIJIT_yrzbRQC4RkZRTkZbdbew,Kampoeng Vietnam,Pesawaran,ChIJ6-LBOW0rQS4RZeVddkTtf_0,Bumi Perkemahan Bukit Cendana (SEWA TENDA),Pesawaran,0.0,0.0,0.0
ChIJIT_yrzbRQC4RkZRTkZbdbew,Kampoeng Vietnam,Pesawaran,ChIJ7YZ_Jn3TQC4RqwpNsq-6ZWY,Bronjong Way LimaBumi Perkemahan Way Lima Bronjong Pesawaran,Pesawaran,11.13,33.15,0.0
ChIJI57gPwDTQC4RjiqEL9jHyIQ,Banyu Langit Cottage,Pesawaran,ChIJIVnmPs7URi4RsN3yHkPlUp4,Air Terjun Ciupang,Pesawaran,0.0,0.0,0.0
ChIJI57gPwDTQC4RjiqEL9jHyIQ,Banyu Langit Cottage,Pesawaran,ChIJCzmFx_3TQC4RjLLiJwNge-I,Wisata Air Beronjong,Pesawaran,12.51,34.82,0.0
ChIJI57gPwDTQC4RjiqEL9jHyIQ,Banyu Langit Cottage,Pesawaran,ChIJFQQP-XzXQC4RllvV30rEsqk,Air Terjun Talang Rabun,Pesawaran,0.0,0.0,0.0
ChIJI57gPwDTQC4RjiqEL9jHyIQ,Banyu Langit Cottage,Pesawaran,ChIJc0riXbUrQS4RWLy-4d2PSKc,Puncak Bukit Cendana Pesawaran,Pesawaran,22.46,52.52,0.0
ChIJI57gPwDTQC4RjiqEL9jHyIQ,Banyu Langit Cottage,Pesawaran,ChIJjS07S4TRQC4REDO1QHeBhS4,Desa Wisata Sumberagung,Pesawaran,81.29,130.83,0.0
ChIJI57gPwDTQC4RjiqEL9jHyIQ,Banyu Langit Cottage,Pesawaran,ChIJD4R0jOfTQC4RV4gw2iaR2ls,Way Mios Gunung Batu,Pesawaran,0.0,0.0,0.0
ChIJI57gPwDTQC4RjiqEL9jHyIQ,Banyu Langit Cottage,Pesawaran,ChIJZXBd8oIqQS4RWJcEKh7cfWs,Air Terjun Anglo,Pesawaran,33.37,66.43,0.0
ChIJI57gPwDTQC4RjiqEL9jHyIQ,Banyu Langit Cottage,Pesawaran,ChIJ_0Sfqd_RQC4R5QSB12eur5g,Wisata Puncak Vietnam,Pesawaran,27.54,62.98,0.0
ChIJI57gPwDTQC4RjiqEL9jHyIQ,Banyu Langit Cottage,Pesawaran,ChIJIT_yrzbRQC4RkZRTkZbdbew,Kampoeng Vietnam,Pesawaran,0.0,0.0,0.0
ChIJI57gPwDTQC4RjiqEL9jHyIQ,Banyu Langit Cottage,Pesawaran,ChIJlbfh5AnRQC4Rb-xnkgq5Tkg,Air Terjun Gunung Betung,Pesawaran,28.46,65.77,0.0
ChIJI57gPwDTQC4RjiqEL9jHyIQ,Banyu Langit Cottage,Pesawaran,ChIJMX9ZWwApQS4RfOXXYJNpcrg,Air Terjun Tanah Longsor,Pesawaran,0.0,0.0,0.0
ChIJI57gPwDTQC4RjiqEL9jHyIQ,Banyu Langit Cottage,Pesawaran,ChIJIed3vDvRQC4RdGIaBDXcwEc,Tahura Wan Abdul Rachman (Gunung Betung),Pesawaran,44.14,90.95,0.0
ChIJI57gPwDTQC4RjiqEL9jHyIQ,Banyu Langit Cottage,Pesawaran,ChIJIV51KpLVQC4RGc3tog2ZGzk,Sinar Tiga Waterfall,Pesawaran,0.0,0.0,0.0
ChIJI57gPwDTQC4RjiqEL9jHyIQ,Banyu Langit Cottage,Pesawaran,ChIJ3cnTqxYrQS4RAszRazO3pCU,Bukit Lantana Harapan Jaya,Pesawaran,29.9,65.73,0.0
ChIJI57gPwDTQC4RjiqEL9jHyIQ,Banyu Langit Cottage,Pesawaran,ChIJoRmFnaorQS4ReARLKsq4O3s,Wisata Batu Ampar,Pesawaran,32.16,64.23,0.0
ChIJI57gPwDTQC4RjiqEL9jHyIQ,Banyu Langit Cottage,Pesawaran,ChIJGbOY1KTXQC4RegIFj6UbcZg,Tebing Lengkung,Pesawaran,0.0,0.0,0.0
ChIJI57gPwDTQC4RjiqEL9jHyIQ,Banyu Langit Cottage,Pesawaran,ChIJsx4h_kQrQS4R7e-7eDElAYM,Puncak Punggung Naga Sukmo Ilang,Pesawaran,0.0,0.0,0.0
ChIJI57gPwDTQC4RjiqEL9jHyIQ,Banyu Langit Cottage,Pesawaran,ChIJ_afy0B3TQC4R2eV6sBqQWok,Lembah Damai Gunung Batu,Pesawaran,0.0,0.0,0.0
ChIJI57gPwDTQC4RjiqEL9jHyIQ,Banyu Langit Cottage,Pesawaran,ChIJKWnsgknXQC4ROZYwvxCMS8I,Air Terjun Seribu Mimpi,Pesawaran,0.0,0.0,0.0
ChIJI57gPwDTQC4RjiqEL9jHyIQ,Banyu Langit Cottage,Pesawaran,ChIJw12SH87TQC4RcnUAv91QuNs,Taman Wisata BMJ (Bawono Maju Jaya),Pesawaran,0.0,0.0,0.0
ChIJI57gPwDTQC4RjiqEL9jHyIQ,Banyu Langit Cottage,Pesawaran,ChIJqVnn6e_QQC4R8oRLcdcBVU0,PENANGKARAN RUSA TAHURA WAN ABDUL RACHMAN LAMPUNG,Pesawaran,44.14,90.95,0.0
ChIJI57gPwDTQC4RjiqEL9jHyIQ,Banyu Langit Cottage,Pesawaran,ChIJ2-hsOHnRQC4R2tLHqw7hIuA,Camping Ground Tahura WAR,Pesawaran,38.51,76.4,0.0
ChIJI57gPwDTQC4RjiqEL9jHyIQ,Banyu Langit Cottage,Pesawaran,ChIJ6-LBOW0rQS4RZeVddkTtf_0,Bumi Perkemahan Bukit Cendana (SEWA TENDA),Pesawaran,0.0,0.0,0.0
ChIJI57gPwDTQC4RjiqEL9jHyIQ,Banyu Langit Cottage,Pesawaran,ChIJ7YZ_Jn3TQC4RqwpNsq-6ZWY,Bronjong Way LimaBumi Perkemahan Way Lima Bronjong Pesawaran,Pesawaran,11.13,33.15,0.0
ChIJlbfh5AnRQC4Rb-xnkgq5Tkg,Air Terjun Gunung Betung,Pesawaran,ChIJIVnmPs7URi4RsN3yHkPlUp4,Air Terjun Ciupang,Pesawaran,28.4,62.42,0.0
ChIJlbfh5AnRQC4Rb-xnkgq5Tkg,Air Terjun Gunung Betung,Pesawaran,ChIJCzmFx_3TQC4RjLLiJwNge-I,Wisata Air Beronjong,Pesawaran,28.12,58.37,0.0
ChIJlbfh5AnRQC4Rb-xnkgq5Tkg,Air Terjun Gunung Betung,Pesawaran,ChIJFQQP-XzXQC4RllvV30rEsqk,Air Terjun Talang Rabun,Pesawaran,28.4,62.42,0.0
ChIJlbfh5AnRQC4Rb-xnkgq5Tkg,Air Terjun Gunung Betung,Pesawaran,ChIJc0riXbUrQS4RWLy-4d2PSKc,Puncak Bukit Cendana Pesawaran,Pesawaran,38.07,76.17,0.0
ChIJlbfh5AnRQC4Rb-xnkgq5Tkg,Air Terjun Gunung Betung,Pesawaran,ChIJjS07S4TRQC4REDO1QHeBhS4,Desa Wisata Sumberagung,Pesawaran,56.19,96.5,0.0
ChIJlbfh5AnRQC4Rb-xnkgq5Tkg,Air Terjun Gunung Betung,Pesawaran,ChIJD4R0jOfTQC4RV4gw2iaR2ls,Way Mios Gunung Batu,Pesawaran,28.4,62.42,0.0
ChIJlbfh5AnRQC4Rb-xnkgq5Tkg,Air Terjun Gunung Betung,Pesawaran,ChIJZXBd8oIqQS4RWJcEKh7cfWs,Air Terjun Anglo,Pesawaran,48.98,90.07,0.0
ChIJlbfh5AnRQC4Rb-xnkgq5Tkg,Air Terjun Gunung Betung,Pesawaran,ChIJ_0Sfqd_RQC4R5QSB12eur5g,Wisata Puncak Vietnam,Pesawaran,1.34,5.5,0.0
ChIJlbfh5AnRQC4Rb-xnkgq5Tkg,Air Terjun Gunung Betung,Pesawaran,ChIJIT_yrzbRQC4RkZRTkZbdbew,Kampoeng Vietnam,Pesawaran,28.4,62.42,0.0
ChIJlbfh5AnRQC4Rb-xnkgq5Tkg,Air Terjun Gunung Betung,Pesawaran,ChIJI57gPwDTQC4RjiqEL9jHyIQ,Banyu Langit Cottage,Pesawaran,28.4,62.42,0.0
ChIJlbfh5AnRQC4Rb-xnkgq5Tkg,Air Terjun Gunung Betung,Pesawaran,ChIJMX9ZWwApQS4RfOXXYJNpcrg,Air Terjun Tanah Longsor,Pesawaran,28.4,62.42,0.0
ChIJlbfh5AnRQC4Rb-xnkgq5Tkg,Air Terjun Gunung Betung,Pesawaran,ChIJIed3vDvRQC4RdGIaBDXcwEc,Tahura Wan Abdul Rachman (Gunung Betung),Pesawaran,19.07,39.4,0.0
ChIJlbfh5AnRQC4Rb-xnkgq5Tkg,Air Terjun Gunung Betung,Pesawaran,ChIJIV51KpLVQC4RGc3tog2ZGzk,Sinar Tiga Waterfall,Pesawaran,28.4,62.42,0.0
ChIJlbfh5AnRQC4Rb-xnkgq5Tkg,Air Terjun Gunung Betung,Pesawaran,ChIJ3cnTqxYrQS4RAszRazO3pCU,Bukit Lantana Harapan Jaya,Pesawaran,45.51,89.37,0.0
ChIJlbfh5AnRQC4Rb-xnkgq5Tkg,Air Terjun Gunung Betung,Pesawaran,ChIJoRmFnaorQS4ReARLKsq4O3s,Wisata Batu Ampar,Pesawaran,47.76,87.87,0.0
ChIJlbfh5AnRQC4Rb-xnkgq5Tkg,Air Terjun Gunung Betung,Pesawaran,ChIJGbOY1KTXQC4RegIFj6UbcZg,Tebing Lengkung,Pesawaran,28.4,62.42,0.0
ChIJlbfh5AnRQC4Rb-xnkgq5Tkg,Air Terjun Gunung Betung,Pesawaran,ChIJsx4h_kQrQS4R7e-7eDElAYM,Puncak Punggung Naga Sukmo Ilang,Pesawaran,28.4,62.42,0.0
ChIJlbfh5AnRQC4Rb-xnkgq5Tkg,Air Terjun Gunung Betung,Pesawaran,ChIJ_afy0B3TQC4R2eV6sBqQWok,Lembah Damai Gunung Batu,Pesawaran,28.4,62.42,0.0
ChIJlbfh5AnRQC4Rb-xnkgq5Tkg,Air Terjun Gunung Betung,Pesawaran,ChIJKWnsgknXQC4ROZYwvxCMS8I,Air Terjun Seribu Mimpi,Pesawaran,28.4,62.42,0.0
ChIJlbfh5AnRQC4Rb-xnkgq5Tkg,Air Terjun Gunung Betung,Pesawaran,ChIJw12SH87TQC4RcnUAv91QuNs,Taman Wisata BMJ (Bawono Maju Jaya),Pesawaran,28.4,62.42,0.0
ChIJlbfh5AnRQC4Rb-xnkgq5Tkg,Air Terjun Gunung Betung,Pesawaran,ChIJqVnn6e_QQC4R8oRLcdcBVU0,PENANGKARAN RUSA TAHURA WAN ABDUL RACHMAN LAMPUNG,Pesawaran,19.07,39.4,0.0
ChIJlbfh5AnRQC4Rb-xnkgq5Tkg,Air Terjun Gunung Betung,Pesawaran,ChIJ2-hsOHnRQC4R2tLHqw7hIuA,Camping Ground Tahura WAR,Pesawaran,21.42,39.78,0.0
ChIJlbfh5AnRQC4Rb-xnkgq5Tkg,Air Terjun Gunung Betung,Pesawaran,ChIJ6-LBOW0rQS4RZeVddkTtf_0,Bumi Perkemahan Bukit Cendana (SEWA TENDA),Pesawaran,28.4,62.42,0.0
ChIJlbfh5AnRQC4Rb-xnkgq5Tkg,Air Terjun Gunung Betung,Pesawaran,ChIJ7YZ_Jn3TQC4RqwpNsq-6ZWY,Bronjong Way LimaBumi Perkemahan Way Lima Bronjong Pesawaran,Pesawaran,26.74,56.7,0.0
ChIJMX9ZWwApQS4RfOXXYJNpcrg,Air Terjun Tanah Longsor,Pesawaran,ChIJIVnmPs7URi4RsN3yHkPlUp4,Air Terjun Ciupang,Pesawaran,0.0,0.0,0.0
ChIJMX9ZWwApQS4RfOXXYJNpcrg,Air Terjun Tanah Longsor,Pesawaran,ChIJCzmFx_3TQC4RjLLiJwNge-I,Wisata Air Beronjong,Pesawaran,12.51,34.82,0.0
ChIJMX9ZWwApQS4RfOXXYJNpcrg,Air Terjun Tanah Longsor,Pesawaran,ChIJFQQP-XzXQC4RllvV30rEsqk,Air Terjun Talang Rabun,Pesawaran,0.0,0.0,0.0
ChIJMX9ZWwApQS4RfOXXYJNpcrg,Air Terjun Tanah Longsor,Pesawaran,ChIJc0riXbUrQS4RWLy-4d2PSKc,Puncak Bukit Cendana Pesawaran,Pesawaran,22.46,52.52,0.0
ChIJMX9ZWwApQS4RfOXXYJNpcrg,Air Terjun Tanah Longsor,Pesawaran,ChIJjS07S4TRQC4REDO1QHeBhS4,Desa Wisata Sumberagung,Pesawaran,81.29,130.83,0.0
ChIJMX9ZWwApQS4RfOXXYJNpcrg,Air Terjun Tanah Longsor,Pesawaran,ChIJD4R0jOfTQC4RV4gw2iaR2ls,Way Mios Gunung Batu,Pesawaran,0.0,0.0,0.0
ChIJMX9ZWwApQS4RfOXXYJNpcrg,Air Terjun Tanah Longsor,Pesawaran,ChIJZXBd8oIqQS4RWJcEKh7cfWs,Air Terjun Anglo,Pesawaran,33.37,66.43,0.0
ChIJMX9ZWwApQS4RfOXXYJNpcrg,Air Terjun Tanah Longsor,Pesawaran,ChIJ_0Sfqd_RQC4R5QSB12eur5g,Wisata Puncak Vietnam,Pesawaran,27.54,62.98,0.0
ChIJMX9ZWwApQS4RfOXXYJNpcrg,Air Terjun Tanah Longsor,Pesawaran,ChIJIT_yrzbRQC4RkZRTkZbdbew,Kampoeng Vietnam,Pesawaran,0.0,0.0,0.0
ChIJMX9ZWwApQS4RfOXXYJNpcrg,Air Terjun Tanah Longsor,Pesawaran,ChIJI57gPwDTQC4RjiqEL9jHyIQ,Banyu Langit Cottage,Pesawaran,0.0,0.0,0.0
ChIJMX9ZWwApQS4RfOXXYJNpcrg,Air Terjun Tanah Longsor,Pesawaran,ChIJlbfh5AnRQC4Rb-xnkgq5Tkg,Air Terjun Gunung Betung,Pesawaran,28.46,65.77,0.0
ChIJMX9ZWwApQS4RfOXXYJNpcrg,Air Terjun Tanah Longsor,Pesawaran,ChIJIed3vDvRQC4RdGIaBDXcwEc,Tahura Wan Abdul Rachman (Gunung Betung),Pesawaran,44.14,90.95,0.0
ChIJMX9ZWwApQS4RfOXXYJNpcrg,Air Terjun Tanah Longsor,Pesawaran,ChIJIV51KpLVQC4RGc3tog2ZGzk,Sinar Tiga Waterfall,Pesawaran,0.0,0.0,0.0
ChIJMX9ZWwApQS4RfOXXYJNpcrg,Air Terjun Tanah Longsor,Pesawaran,ChIJ3cnTqxYrQS4RAszRazO3pCU,Bukit Lantana Harapan Jaya,Pesawaran,29.9,65.72,0.0
ChIJMX9ZWwApQS4RfOXXYJNpcrg,Air Terjun Tanah Longsor,Pesawaran,ChIJoRmFnaorQS4ReARLKsq4O3s,Wisata Batu Ampar,Pesawaran,32.16,64.23,0.0
ChIJMX9ZWwApQS4RfOXXYJNpcrg,Air Terjun Tanah Longsor,Pesawaran,ChIJGbOY1KTXQC4RegIFj6UbcZg,Tebing Lengkung,Pesawaran,0.0,0.0,0.0
ChIJMX9ZWwApQS4RfOXXYJNpcrg,Air Terjun Tanah Longsor,Pesawaran,ChIJsx4h_kQrQS4R7e-7eDElAYM,Puncak Punggung Naga Sukmo Ilang,Pesawaran,0.0,0.0,0.0
ChIJMX9ZWwApQS4RfOXXYJNpcrg,Air Terjun Tanah Longsor,Pesawaran,ChIJ_afy0B3TQC4R2eV6sBqQWok,Lembah Damai Gunung Batu,Pesawaran,0.0,0.0,0.0
ChIJMX9ZWwApQS4RfOXXYJNpcrg,Air Terjun Tanah Longsor,Pesawaran,ChIJKWnsgknXQC4ROZYwvxCMS8I,Air Terjun Seribu Mimpi,Pesawaran,0.0,0.0,0.0
ChIJMX9ZWwApQS4RfOXXYJNpcrg,Air Terjun Tanah Longsor,Pesawaran,ChIJw12SH87TQC4RcnUAv91QuNs,Taman Wisata BMJ (Bawono Maju Jaya),Pesawaran,0.0,0.0,0.0
ChIJMX9ZWwApQS4RfOXXYJNpcrg,Air Terjun Tanah Longsor,Pesawaran,ChIJqVnn6e_QQC4R8oRLcdcBVU0,PENANGKARAN RUSA TAHURA WAN ABDUL RACHMAN LAMPUNG,Pesawaran,44.14,90.95,0.0
ChIJMX9ZWwApQS4RfOXXYJNpcrg,Air Terjun Tanah Longsor,Pesawaran,ChIJ2-hsOHnRQC4R2tLHqw7hIuA,Camping Ground Tahura WAR,Pesawaran,38.51,76.4,0.0
ChIJMX9ZWwApQS4RfOXXYJNpcrg,Air Terjun Tanah Longsor,Pesawaran,ChIJ6-LBOW0rQS4RZeVddkTtf_0,Bumi Perkemahan Bukit Cendana (SEWA TENDA),Pesawaran,0.0,0.0,0.0
ChIJMX9ZWwApQS4RfOXXYJNpcrg,Air Terjun Tanah Longsor,Pesawaran,ChIJ7YZ_Jn3TQC4RqwpNsq-6ZWY,Bronjong Way LimaBumi Perkemahan Way Lima Bronjong Pesawaran,Pesawaran,11.13,33.15,0.0
ChIJIed3vDvRQC4RdGIaBDXcwEc,Tahura Wan Abdul Rachman (Gunung Betung),Pesawaran,ChIJIVnmPs7URi4RsN3yHkPlUp4,Air Terjun Ciupang,Pesawaran,44.6,89.65,0.0
ChIJIed3vDvRQC4RdGIaBDXcwEc,Tahura Wan Abdul Rachman (Gunung Betung),Pesawaran,ChIJCzmFx_3TQC4RjLLiJwNge-I,Wisata Air Beronjong,Pesawaran,44.33,85.57,0.0
ChIJIed3vDvRQC4RdGIaBDXcwEc,Tahura Wan Abdul Rachman (Gunung Betung),Pesawaran,ChIJFQQP-XzXQC4RllvV30rEsqk,Air Terjun Talang Rabun,Pesawaran,44.6,89.65,0.0
ChIJIed3vDvRQC4RdGIaBDXcwEc,Tahura Wan Abdul Rachman (Gunung Betung),Pesawaran,ChIJc0riXbUrQS4RWLy-4d2PSKc,Puncak Bukit Cendana Pesawaran,Pesawaran,54.52,88.12,0.0
ChIJIed3vDvRQC4RdGIaBDXcwEc,Tahura Wan Abdul Rachman (Gunung Betung),Pesawaran,ChIJjS07S4TRQC4REDO1QHeBhS4,Desa Wisata Sumberagung,Pesawaran,50.22,99.5,0.0
ChIJIed3vDvRQC4RdGIaBDXcwEc,Tahura Wan Abdul Rachman (Gunung Betung),Pesawaran,ChIJD4R0jOfTQC4RV4gw2iaR2ls,Way Mios Gunung Batu,Pesawaran,44.6,89.65,0.0
ChIJIed3vDvRQC4RdGIaBDXcwEc,Tahura Wan Abdul Rachman (Gunung Betung),Pesawaran,ChIJZXBd8oIqQS4RWJcEKh7cfWs,Air Terjun Anglo,Pesawaran,42.4,65.27,0.0
ChIJIed3vDvRQC4RdGIaBDXcwEc,Tahura Wan Abdul Rachman (Gunung Betung),Pesawaran,ChIJ_0Sfqd_RQC4R5QSB12eur5g,Wisata Puncak Vietnam,Pesawaran,19.52,39.07,0.0
ChIJIed3vDvRQC4RdGIaBDXcwEc,Tahura Wan Abdul Rachman (Gunung Betung),Pesawaran,ChIJIT_yrzbRQC4RkZRTkZbdbew,Kampoeng Vietnam,Pesawaran,44.6,89.65,0.0
ChIJIed3vDvRQC4RdGIaBDXcwEc,Tahura Wan Abdul Rachman (Gunung Betung),Pesawaran,ChIJI57gPwDTQC4RjiqEL9jHyIQ,Banyu Langit Cottage,Pesawaran,44.6,89.65,0.0
ChIJIed3vDvRQC4RdGIaBDXcwEc,Tahura Wan Abdul Rachman (Gunung Betung),Pesawaran,ChIJlbfh5AnRQC4Rb-xnkgq5Tkg,Air Terjun Gunung Betung,Pesawaran,19.07,38.73,0.0
ChIJIed3vDvRQC4RdGIaBDXcwEc,Tahura Wan Abdul Rachman (Gunung Betung),Pesawaran,ChIJMX9ZWwApQS4RfOXXYJNpcrg,Air Terjun Tanah Longsor,Pesawaran,44.6,89.65,0.0
ChIJIed3vDvRQC4RdGIaBDXcwEc,Tahura Wan Abdul Rachman (Gunung Betung),Pesawaran,ChIJIV51KpLVQC4RGc3tog2ZGzk,Sinar Tiga Waterfall,Pesawaran,44.6,89.65,0.0
ChIJIed3vDvRQC4RdGIaBDXcwEc,Tahura Wan Abdul Rachman (Gunung Betung),Pesawaran,ChIJ3cnTqxYrQS4RAszRazO3pCU,Bukit Lantana Harapan Jaya,Pesawaran,54.14,89.63,0.0
ChIJIed3vDvRQC4RdGIaBDXcwEc,Tahura Wan Abdul Rachman (Gunung Betung),Pesawaran,ChIJoRmFnaorQS4ReARLKsq4O3s,Wisata Batu Ampar,Pesawaran,43.62,67.43,0.0
ChIJIed3vDvRQC4RdGIaBDXcwEc,Tahura Wan Abdul Rachman (Gunung Betung),Pesawaran,ChIJGbOY1KTXQC4RegIFj6UbcZg,Tebing Lengkung,Pesawaran,44.6,89.65,0.0
ChIJIed3vDvRQC4RdGIaBDXcwEc,Tahura Wan Abdul Rachman (Gunung Betung),Pesawaran,ChIJsx4h_kQrQS4R7e-7eDElAYM,Puncak Punggung Naga Sukmo Ilang,Pesawaran,44.6,89.65,0.0
ChIJIed3vDvRQC4RdGIaBDXcwEc,Tahura Wan Abdul Rachman (Gunung Betung),Pesawaran,ChIJ_afy0B3TQC4R2eV6sBqQWok,Lembah Damai Gunung Batu,Pesawaran,44.6,89.65,0.0
ChIJIed3vDvRQC4RdGIaBDXcwEc,Tahura Wan Abdul Rachman (Gunung Betung),Pesawaran,ChIJKWnsgknXQC4ROZYwvxCMS8I,Air Terjun Seribu Mimpi,Pesawaran,44.6,89.67,0.0
ChIJIed3vDvRQC4RdGIaBDXcwEc,Tahura Wan Abdul Rachman (Gunung Betung),Pesawaran,ChIJw12SH87TQC4RcnUAv91QuNs,Taman Wisata BMJ (Bawono Maju Jaya),Pesawaran,44.6,89.67,0.0
ChIJIed3vDvRQC4RdGIaBDXcwEc,Tahura Wan Abdul Rachman (Gunung Betung),Pesawaran,ChIJqVnn6e_QQC4R8oRLcdcBVU0,PENANGKARAN RUSA TAHURA WAN ABDUL RACHMAN LAMPUNG,Pesawaran,0.0,0.0,0.0
ChIJIed3vDvRQC4RdGIaBDXcwEc,Tahura Wan Abdul Rachman (Gunung Betung),Pesawaran,ChIJ2-hsOHnRQC4R2tLHqw7hIuA,Camping Ground Tahura WAR,Pesawaran,21.06,44.5,0.0
ChIJIed3vDvRQC4RdGIaBDXcwEc,Tahura Wan Abdul Rachman (Gunung Betung),Pesawaran,ChIJ6-LBOW0rQS4RZeVddkTtf_0,Bumi Perkemahan Bukit Cendana (SEWA TENDA),Pesawaran,44.6,89.67,0.0
ChIJIed3vDvRQC4RdGIaBDXcwEc,Tahura Wan Abdul Rachman (Gunung Betung),Pesawaran,ChIJ7YZ_Jn3TQC4RqwpNsq-6ZWY,Bronjong Way LimaBumi Perkemahan Way Lima Bronjong Pesawaran,Pesawaran,42.95,83.93,0.0
ChIJIV51KpLVQC4RGc3tog2ZGzk,Sinar Tiga Waterfall,Pesawaran,ChIJIVnmPs7URi4RsN3yHkPlUp4,Air Terjun Ciupang,Pesawaran,0.0,0.0,0.0
ChIJIV51KpLVQC4RGc3tog2ZGzk,Sinar Tiga Waterfall,Pesawaran,ChIJCzmFx_3TQC4RjLLiJwNge-I,Wisata Air Beronjong,Pesawaran,12.51,34.82,0.0
ChIJIV51KpLVQC4RGc3tog2ZGzk,Sinar Tiga Waterfall,Pesawaran,ChIJFQQP-XzXQC4RllvV30rEsqk,Air Terjun Talang Rabun,Pesawaran,0.0,0.0,0.0
ChIJIV51KpLVQC4RGc3tog2ZGzk,Sinar Tiga Waterfall,Pesawaran,ChIJc0riXbUrQS4RWLy-4d2PSKc,Puncak Bukit Cendana Pesawaran,Pesawaran,22.46,52.52,0.0
ChIJIV51KpLVQC4RGc3tog2ZGzk,Sinar Tiga Waterfall,Pesawaran,ChIJjS07S4TRQC4REDO1QHeBhS4,Desa Wisata Sumberagung,Pesawaran,81.29,130.83,0.0
ChIJIV51KpLVQC4RGc3tog2ZGzk,Sinar Tiga Waterfall,Pesawaran,ChIJD4R0jOfTQC4RV4gw2iaR2ls,Way Mios Gunung Batu,Pesawaran,0.0,0.0,0.0
ChIJIV51KpLVQC4RGc3tog2ZGzk,Sinar Tiga Waterfall,Pesawaran,ChIJZXBd8oIqQS4RWJcEKh7cfWs,Air Terjun Anglo,Pesawaran,33.37,66.43,0.0
ChIJIV51KpLVQC4RGc3tog2ZGzk,Sinar Tiga Waterfall,Pesawaran,ChIJ_0Sfqd_RQC4R5QSB12eur5g,Wisata Puncak Vietnam,Pesawaran,27.54,62.98,0.0
ChIJIV51KpLVQC4RGc3tog2ZGzk,Sinar Tiga Waterfall,Pesawaran,ChIJIT_yrzbRQC4RkZRTkZbdbew,Kampoeng Vietnam,Pesawaran,0.0,0.0,0.0
ChIJIV51KpLVQC4RGc3tog2ZGzk,Sinar Tiga Waterfall,Pesawaran,ChIJI57gPwDTQC4RjiqEL9jHyIQ,Banyu Langit Cottage,Pesawaran,0.0,0.0,0.0
ChIJIV51KpLVQC4RGc3tog2ZGzk,Sinar Tiga Waterfall,Pesawaran,ChIJlbfh5AnRQC4Rb-xnkgq5Tkg,Air Terjun Gunung Betung,Pesawaran,28.46,65.77,0.0
ChIJIV51KpLVQC4RGc3tog2ZGzk,Sinar Tiga Waterfall,Pesawaran,ChIJMX9ZWwApQS4RfOXXYJNpcrg,Air Terjun Tanah Longsor,Pesawaran,0.0,0.0,0.0
ChIJIV51KpLVQC4RGc3tog2ZGzk,Sinar Tiga Waterfall,Pesawaran,ChIJIed3vDvRQC4RdGIaBDXcwEc,Tahura Wan Abdul Rachman (Gunung Betung),Pesawaran,44.14,90.95,0.0
ChIJIV51KpLVQC4RGc3tog2ZGzk,Sinar Tiga Waterfall,Pesawaran,ChIJ3cnTqxYrQS4RAszRazO3pCU,Bukit Lantana Harapan Jaya,Pesawaran,29.9,65.73,0.0
ChIJIV51KpLVQC4RGc3tog2ZGzk,Sinar Tiga Waterfall,Pesawaran,ChIJoRmFnaorQS4ReARLKsq4O3s,Wisata Batu Ampar,Pesawaran,32.16,64.23,0.0
ChIJIV51KpLVQC4RGc3tog2ZGzk,Sinar Tiga Waterfall,Pesawaran,ChIJGbOY1KTXQC4RegIFj6UbcZg,Tebing Lengkung,Pesawaran,0.0,0.0,0.0
ChIJIV51KpLVQC4RGc3tog2ZGzk,Sinar Tiga Waterfall,Pesawaran,ChIJsx4h_kQrQS4R7e-7eDElAYM,Puncak Punggung Naga Sukmo Ilang,Pesawaran,0.0,0.0,0.0
ChIJIV51KpLVQC4RGc3tog2ZGzk,Sinar Tiga Waterfall,Pesawaran,ChIJ_afy0B3TQC4R2eV6sBqQWok,Lembah Damai Gunung Batu,Pesawaran,0.0,0.0,0.0
ChIJIV51KpLVQC4RGc3tog2ZGzk,Sinar Tiga Waterfall,Pesawaran,ChIJKWnsgknXQC4ROZYwvxCMS8I,Air Terjun Seribu Mimpi,Pesawaran,0.0,0.0,0.0
ChIJIV51KpLVQC4RGc3tog2ZGzk,Sinar Tiga Waterfall,Pesawaran,ChIJw12SH87TQC4RcnUAv91QuNs,Taman Wisata BMJ (Bawono Maju Jaya),Pesawaran,0.0,0.0,0.0
ChIJIV51KpLVQC4RGc3tog2ZGzk,Sinar Tiga Waterfall,Pesawaran,ChIJqVnn6e_QQC4R8oRLcdcBVU0,PENANGKARAN RUSA TAHURA WAN ABDUL RACHMAN LAMPUNG,Pesawaran,44.14,90.95,0.0
ChIJIV51KpLVQC4RGc3tog2ZGzk,Sinar Tiga Waterfall,Pesawaran,ChIJ2-hsOHnRQC4R2tLHqw7hIuA,Camping Ground Tahura WAR,Pesawaran,38.51,76.42,0.0
ChIJIV51KpLVQC4RGc3tog2ZGzk,Sinar Tiga Waterfall,Pesawaran,ChIJ6-LBOW0rQS4RZeVddkTtf_0,Bumi Perkemahan Bukit Cendana (SEWA TENDA),Pesawaran,0.0,0.0,0.0
ChIJIV51KpLVQC4RGc3tog2ZGzk,Sinar Tiga Waterfall,Pesawaran,ChIJ7YZ_Jn3TQC4RqwpNsq-6ZWY,Bronjong Way LimaBumi Perkemahan Way Lima Bronjong Pesawaran,Pesawaran,11.13,33.15,0.0
ChIJ3cnTqxYrQS4RAszRazO3pCU,Bukit Lantana Harapan Jaya,Pesawaran,ChIJIVnmPs7URi4RsN3yHkPlUp4,Air Terjun Ciupang,Pesawaran,29.89,64.77,0.0
ChIJ3cnTqxYrQS4RAszRazO3pCU,Bukit Lantana Harapan Jaya,Pesawaran,ChIJCzmFx_3TQC4RjLLiJwNge-I,Wisata Air Beronjong,Pesawaran,21.34,45.93,0.0
ChIJ3cnTqxYrQS4RAszRazO3pCU,Bukit Lantana Harapan Jaya,Pesawaran,ChIJFQQP-XzXQC4RllvV30rEsqk,Air Terjun Talang Rabun,Pesawaran,29.89,64.77,0.0
ChIJ3cnTqxYrQS4RAszRazO3pCU,Bukit Lantana Harapan Jaya,Pesawaran,ChIJc0riXbUrQS4RWLy-4d2PSKc,Puncak Bukit Cendana Pesawaran,Pesawaran,8.65,22.05,0.0
ChIJ3cnTqxYrQS4RAszRazO3pCU,Bukit Lantana Harapan Jaya,Pesawaran,ChIJjS07S4TRQC4REDO1QHeBhS4,Desa Wisata Sumberagung,Pesawaran,98.39,157.2,0.0
ChIJ3cnTqxYrQS4RAszRazO3pCU,Bukit Lantana Harapan Jaya,Pesawaran,ChIJD4R0jOfTQC4RV4gw2iaR2ls,Way Mios Gunung Batu,Pesawaran,29.89,64.77,0.0
ChIJ3cnTqxYrQS4RAszRazO3pCU,Bukit Lantana Harapan Jaya,Pesawaran,ChIJZXBd8oIqQS4RWJcEKh7cfWs,Air Terjun Anglo,Pesawaran,11.73,24.62,0.0
ChIJ3cnTqxYrQS4RAszRazO3pCU,Bukit Lantana Harapan Jaya,Pesawaran,ChIJ_0Sfqd_RQC4R5QSB12eur5g,Wisata Puncak Vietnam,Pesawaran,44.63,89.27,0.0
ChIJ3cnTqxYrQS4RAszRazO3pCU,Bukit Lantana Harapan Jaya,Pesawaran,ChIJIT_yrzbRQC4RkZRTkZbdbew,Kampoeng Vietnam,Pesawaran,29.89,64.77,0.0
ChIJ3cnTqxYrQS4RAszRazO3pCU,Bukit Lantana Harapan Jaya,Pesawaran,ChIJI57gPwDTQC4RjiqEL9jHyIQ,Banyu Langit Cottage,Pesawaran,29.89,64.77,0.0
ChIJ3cnTqxYrQS4RAszRazO3pCU,Bukit Lantana Harapan Jaya,Pesawaran,ChIJlbfh5AnRQC4Rb-xnkgq5Tkg,Air Terjun Gunung Betung,Pesawaran,45.56,92.05,0.0
ChIJ3cnTqxYrQS4RAszRazO3pCU,Bukit Lantana Harapan Jaya,Pesawaran,ChIJMX9ZWwApQS4RfOXXYJNpcrg,Air Terjun Tanah Longsor,Pesawaran,29.89,64.77,0.0
ChIJ3cnTqxYrQS4RAszRazO3pCU,Bukit Lantana Harapan Jaya,Pesawaran,ChIJIed3vDvRQC4RdGIaBDXcwEc,Tahura Wan Abdul Rachman (Gunung Betung),Pesawaran,54.14,89.73,0.0
ChIJ3cnTqxYrQS4RAszRazO3pCU,Bukit Lantana Harapan Jaya,Pesawaran,ChIJIV51KpLVQC4RGc3tog2ZGzk,Sinar Tiga Waterfall,Pesawaran,29.89,64.77,0.0
ChIJ3cnTqxYrQS4RAszRazO3pCU,Bukit Lantana Harapan Jaya,Pesawaran,ChIJoRmFnaorQS4ReARLKsq4O3s,Wisata Batu Ampar,Pesawaran,10.52,22.42,0.0
ChIJ3cnTqxYrQS4RAszRazO3pCU,Bukit Lantana Harapan Jaya,Pesawaran,ChIJGbOY1KTXQC4RegIFj6UbcZg,Tebing Lengkung,Pesawaran,29.89,64.77,0.0
ChIJ3cnTqxYrQS4RAszRazO3pCU,Bukit Lantana Harapan Jaya,Pesawaran,ChIJsx4h_kQrQS4R7e-7eDElAYM,Puncak Punggung Naga Sukmo Ilang,Pesawaran,29.89,64.77,0.0
ChIJ3cnTqxYrQS4RAszRazO3pCU,Bukit Lantana Harapan Jaya,Pesawaran,ChIJ_afy0B3TQC4R2eV6sBqQWok,Lembah Damai Gunung Batu,Pesawaran,29.89,64.77,0.0
ChIJ3cnTqxYrQS4RAszRazO3pCU,Bukit Lantana Harapan Jaya,Pesawaran,ChIJKWnsgknXQC4ROZYwvxCMS8I,Air Terjun Seribu Mimpi,Pesawaran,29.89,64.77,0.0
ChIJ3cnTqxYrQS4RAszRazO3pCU,Bukit Lantana Harapan Jaya,Pesawaran,ChIJw12SH87TQC4RcnUAv91QuNs,Taman Wisata BMJ (Bawono Maju Jaya),Pesawaran,29.89,64.77,0.0
ChIJ3cnTqxYrQS4RAszRazO3pCU,Bukit Lantana Harapan Jaya,Pesawaran,ChIJqVnn6e_QQC4R8oRLcdcBVU0,PENANGKARAN RUSA TAHURA WAN ABDUL RACHMAN LAMPUNG,Pesawaran,54.14,89.73,0.0
ChIJ3cnTqxYrQS4RAszRazO3pCU,Bukit Lantana Harapan Jaya,Pesawaran,ChIJ2-hsOHnRQC4R2tLHqw7hIuA,Camping Ground Tahura WAR,Pesawaran,55.61,103.02,0.0
ChIJ3cnTqxYrQS4RAszRazO3pCU,Bukit Lantana Harapan Jaya,Pesawaran,ChIJ6-LBOW0rQS4RZeVddkTtf_0,Bumi Perkemahan Bukit Cendana (SEWA TENDA),Pesawaran,29.89,64.77,0.0
ChIJ3cnTqxYrQS4RAszRazO3pCU,Bukit Lantana Harapan Jaya,Pesawaran,ChIJ7YZ_Jn3TQC4RqwpNsq-6ZWY,Bronjong Way LimaBumi Perkemahan Way Lima Bronjong Pesawaran,Pesawaran,22.93,51.52,0.0
ChIJoRmFnaorQS4ReARLKsq4O3s,Wisata Batu Ampar,Pesawaran,ChIJIVnmPs7URi4RsN3yHkPlUp4,Air Terjun Ciupang,Pesawaran,32.14,63.4,0.0
ChIJoRmFnaorQS4ReARLKsq4O3s,Wisata Batu Ampar,Pesawaran,ChIJCzmFx_3TQC4RjLLiJwNge-I,Wisata Air Beronjong,Pesawaran,23.59,44.57,0.0
ChIJoRmFnaorQS4ReARLKsq4O3s,Wisata Batu Ampar,Pesawaran,ChIJFQQP-XzXQC4RllvV30rEsqk,Air Terjun Talang Rabun,Pesawaran,32.14,63.4,0.0
ChIJoRmFnaorQS4ReARLKsq4O3s,Wisata Batu Ampar,Pesawaran,ChIJc0riXbUrQS4RWLy-4d2PSKc,Puncak Bukit Cendana Pesawaran,Pesawaran,10.91,20.68,0.0
ChIJoRmFnaorQS4ReARLKsq4O3s,Wisata Batu Ampar,Pesawaran,ChIJjS07S4TRQC4REDO1QHeBhS4,Desa Wisata Sumberagung,Pesawaran,100.64,155.8,0.0
ChIJoRmFnaorQS4ReARLKsq4O3s,Wisata Batu Ampar,Pesawaran,ChIJD4R0jOfTQC4RV4gw2iaR2ls,Way Mios Gunung Batu,Pesawaran,32.14,63.4,0.0
ChIJoRmFnaorQS4ReARLKsq4O3s,Wisata Batu Ampar,Pesawaran,ChIJZXBd8oIqQS4RWJcEKh7cfWs,Air Terjun Anglo,Pesawaran,1.21,2.2,0.0
ChIJoRmFnaorQS4ReARLKsq4O3s,Wisata Batu Ampar,Pesawaran,ChIJ_0Sfqd_RQC4R5QSB12eur5g,Wisata Puncak Vietnam,Pesawaran,46.89,87.87,0.0
ChIJoRmFnaorQS4ReARLKsq4O3s,Wisata Batu Ampar,Pesawaran,ChIJIT_yrzbRQC4RkZRTkZbdbew,Kampoeng Vietnam,Pesawaran,32.14,63.4,0.0
ChIJoRmFnaorQS4ReARLKsq4O3s,Wisata Batu Ampar,Pesawaran,ChIJI57gPwDTQC4RjiqEL9jHyIQ,Banyu Langit Cottage,Pesawaran,32.14,63.4,0.0
ChIJoRmFnaorQS4ReARLKsq4O3s,Wisata Batu Ampar,Pesawaran,ChIJlbfh5AnRQC4Rb-xnkgq5Tkg,Air Terjun Gunung Betung,Pesawaran,47.81,90.65,0.0
ChIJoRmFnaorQS4ReARLKsq4O3s,Wisata Batu Ampar,Pesawaran,ChIJMX9ZWwApQS4RfOXXYJNpcrg,Air Terjun Tanah Longsor,Pesawaran,32.14,63.4,0.0
ChIJoRmFnaorQS4ReARLKsq4O3s,Wisata Batu Ampar,Pesawaran,ChIJIed3vDvRQC4RdGIaBDXcwEc,Tahura Wan Abdul Rachman (Gunung Betung),Pesawaran,43.62,67.3,0.0
ChIJoRmFnaorQS4ReARLKsq4O3s,Wisata Batu Ampar,Pesawaran,ChIJIV51KpLVQC4RGc3tog2ZGzk,Sinar Tiga Waterfall,Pesawaran,32.14,63.4,0.0
ChIJoRmFnaorQS4ReARLKsq4O3s,Wisata Batu Ampar,Pesawaran,ChIJ3cnTqxYrQS4RAszRazO3pCU,Bukit Lantana Harapan Jaya,Pesawaran,10.52,22.2,0.0
ChIJoRmFnaorQS4ReARLKsq4O3s,Wisata Batu Ampar,Pesawaran,ChIJGbOY1KTXQC4RegIFj6UbcZg,Tebing Lengkung,Pesawaran,32.14,63.4,0.0
ChIJoRmFnaorQS4ReARLKsq4O3s,Wisata Batu Ampar,Pesawaran,ChIJsx4h_kQrQS4R7e-7eDElAYM,Puncak Punggung Naga Sukmo Ilang,Pesawaran,32.14,63.4,0.0
ChIJoRmFnaorQS4ReARLKsq4O3s,Wisata Batu Ampar,Pesawaran,ChIJ_afy0B3TQC4R2eV6sBqQWok,Lembah Damai Gunung Batu,Pesawaran,32.14,63.4,0.0
ChIJoRmFnaorQS4ReARLKsq4O3s,Wisata Batu Ampar,Pesawaran,ChIJKWnsgknXQC4ROZYwvxCMS8I,Air Terjun Seribu Mimpi,Pesawaran,32.14,63.4,0.0
ChIJoRmFnaorQS4ReARLKsq4O3s,Wisata Batu Ampar,Pesawaran,ChIJw12SH87TQC4RcnUAv91QuNs,Taman Wisata BMJ (Bawono Maju Jaya),Pesawaran,32.14,63.4,0.0
ChIJoRmFnaorQS4ReARLKsq4O3s,Wisata Batu Ampar,Pesawaran,ChIJqVnn6e_QQC4R8oRLcdcBVU0,PENANGKARAN RUSA TAHURA WAN ABDUL RACHMAN LAMPUNG,Pesawaran,43.62,67.3,0.0
ChIJoRmFnaorQS4ReARLKsq4O3s,Wisata Batu Ampar,Pesawaran,ChIJ2-hsOHnRQC4R2tLHqw7hIuA,Camping Ground Tahura WAR,Pesawaran,57.86,101.62,0.0
ChIJoRmFnaorQS4ReARLKsq4O3s,Wisata Batu Ampar,Pesawaran,ChIJ6-LBOW0rQS4RZeVddkTtf_0,Bumi Perkemahan Bukit Cendana (SEWA TENDA),Pesawaran,32.14,63.4,0.0
ChIJoRmFnaorQS4ReARLKsq4O3s,Wisata Batu Ampar,Pesawaran,ChIJ7YZ_Jn3TQC4RqwpNsq-6ZWY,Bronjong Way LimaBumi Perkemahan Way Lima Bronjong Pesawaran,Pesawaran,25.18,50.15,0.0
ChIJGbOY1KTXQC4RegIFj6UbcZg,Tebing Lengkung,Pesawaran,ChIJIVnmPs7URi4RsN3yHkPlUp4,Air Terjun Ciupang,Pesawaran,0.0,0.0,0.0
ChIJGbOY1KTXQC4RegIFj6UbcZg,Tebing Lengkung,Pesawaran,ChIJCzmFx_3TQC4RjLLiJwNge-I,Wisata Air Beronjong,Pesawaran,12.51,34.82,0.0
ChIJGbOY1KTXQC4RegIFj6UbcZg,Tebing Lengkung,Pesawaran,ChIJFQQP-XzXQC4RllvV30rEsqk,Air Terjun Talang Rabun,Pesawaran,0.0,0.0,0.0
ChIJGbOY1KTXQC4RegIFj6UbcZg,Tebing Lengkung,Pesawaran,ChIJc0riXbUrQS4RWLy-4d2PSKc,Puncak Bukit Cendana Pesawaran,Pesawaran,22.46,52.52,0.0
ChIJGbOY1KTXQC4RegIFj6UbcZg,Tebing Lengkung,Pesawaran,ChIJjS07S4TRQC4REDO1QHeBhS4,Desa Wisata Sumberagung,Pesawaran,81.29,130.85,0.0
ChIJGbOY1KTXQC4RegIFj6UbcZg,Tebing Lengkung,Pesawaran,ChIJD4R0jOfTQC4RV4gw2iaR2ls,Way Mios Gunung Batu,Pesawaran,0.0,0.0,0.0
ChIJGbOY1KTXQC4RegIFj6UbcZg,Tebing Lengkung,Pesawaran,ChIJZXBd8oIqQS4RWJcEKh7cfWs,Air Terjun Anglo,Pesawaran,33.37,66.43,0.0
ChIJGbOY1KTXQC4RegIFj6UbcZg,Tebing Lengkung,Pesawaran,ChIJ_0Sfqd_RQC4R5QSB12eur5g,Wisata Puncak Vietnam,Pesawaran,27.54,63.0,0.0
ChIJGbOY1KTXQC4RegIFj6UbcZg,Tebing Lengkung,Pesawaran,ChIJIT_yrzbRQC4RkZRTkZbdbew,Kampoeng Vietnam,Pesawaran,0.0,0.0,0.0
ChIJGbOY1KTXQC4RegIFj6UbcZg,Tebing Lengkung,Pesawaran,ChIJI57gPwDTQC4RjiqEL9jHyIQ,Banyu Langit Cottage,Pesawaran,0.0,0.0,0.0
ChIJGbOY1KTXQC4RegIFj6UbcZg,Tebing Lengkung,Pesawaran,ChIJlbfh5AnRQC4Rb-xnkgq5Tkg,Air Terjun Gunung Betung,Pesawaran,28.46,65.78,0.0
ChIJGbOY1KTXQC4RegIFj6UbcZg,Tebing Lengkung,Pesawaran,ChIJMX9ZWwApQS4RfOXXYJNpcrg,Air Terjun Tanah Longsor,Pesawaran,0.0,0.0,0.0
ChIJGbOY1KTXQC4RegIFj6UbcZg,Tebing Lengkung,Pesawaran,ChIJIed3vDvRQC4RdGIaBDXcwEc,Tahura Wan Abdul Rachman (Gunung Betung),Pesawaran,44.14,90.97,0.0
ChIJGbOY1KTXQC4RegIFj6UbcZg,Tebing Lengkung,Pesawaran,ChIJIV51KpLVQC4RGc3tog2ZGzk,Sinar Tiga Waterfall,Pesawaran,0.0,0.0,0.0
ChIJGbOY1KTXQC4RegIFj6UbcZg,Tebing Lengkung,Pesawaran,ChIJ3cnTqxYrQS4RAszRazO3pCU,Bukit Lantana Harapan Jaya,Pesawaran,29.9,65.73,0.0
ChIJGbOY1KTXQC4RegIFj6UbcZg,Tebing Lengkung,Pesawaran,ChIJoRmFnaorQS4ReARLKsq4O3s,Wisata Batu Ampar,Pesawaran,32.16,64.23,0.0
ChIJGbOY1KTXQC4RegIFj6UbcZg,Tebing Lengkung,Pesawaran,ChIJsx4h_kQrQS4R7e-7eDElAYM,Puncak Punggung Naga Sukmo Ilang,Pesawaran,0.0,0.0,0.0
ChIJGbOY1KTXQC4RegIFj6UbcZg,Tebing Lengkung,Pesawaran,ChIJ_afy0B3TQC4R2eV6sBqQWok,Lembah Damai Gunung Batu,Pesawaran,0.0,0.0,0.0
ChIJGbOY1KTXQC4RegIFj6UbcZg,Tebing Lengkung,Pesawaran,ChIJKWnsgknXQC4ROZYwvxCMS8I,Air Terjun Seribu Mimpi,Pesawaran,0.0,0.0,0.0
ChIJGbOY1KTXQC4RegIFj6UbcZg,Tebing Lengkung,Pesawaran,ChIJw12SH87TQC4RcnUAv91QuNs,Taman Wisata BMJ (Bawono Maju Jaya),Pesawaran,0.0,0.0,0.0
ChIJGbOY1KTXQC4RegIFj6UbcZg,Tebing Lengkung,Pesawaran,ChIJqVnn6e_QQC4R8oRLcdcBVU0,PENANGKARAN RUSA TAHURA WAN ABDUL RACHMAN LAMPUNG,Pesawaran,44.14,90.97,0.0
ChIJGbOY1KTXQC4RegIFj6UbcZg,Tebing Lengkung,Pesawaran,ChIJ2-hsOHnRQC4R2tLHqw7hIuA,Camping Ground Tahura WAR,Pesawaran,38.51,76.42,0.0
ChIJGbOY1KTXQC4RegIFj6UbcZg,Tebing Lengkung,Pesawaran,ChIJ6-LBOW0rQS4RZeVddkTtf_0,Bumi Perkemahan Bukit Cendana (SEWA TENDA),Pesawaran,0.0,0.0,0.0
ChIJGbOY1KTXQC4RegIFj6UbcZg,Tebing Lengkung,Pesawaran,ChIJ7YZ_Jn3TQC4RqwpNsq-6ZWY,Bronjong Way LimaBumi Perkemahan Way Lima Bronjong Pesawaran,Pesawaran,11.13,33.15,0.0
ChIJsx4h_kQrQS4R7e-7eDElAYM,Puncak Punggung Naga Sukmo Ilang,Pesawaran,ChIJIVnmPs7URi4RsN3yHkPlUp4,Air Terjun Ciupang,Pesawaran,0.0,0.0,0.0
ChIJsx4h_kQrQS4R7e-7eDElAYM,Puncak Punggung Naga Sukmo Ilang,Pesawaran,ChIJCzmFx_3TQC4RjLLiJwNge-I,Wisata Air Beronjong,Pesawaran,12.51,34.82,0.0
ChIJsx4h_kQrQS4R7e-7eDElAYM,Puncak Punggung Naga Sukmo Ilang,Pesawaran,ChIJFQQP-XzXQC4RllvV30rEsqk,Air Terjun Talang Rabun,Pesawaran,0.0,0.0,0.0
ChIJsx4h_kQrQS4R7e-7eDElAYM,Puncak Punggung Naga Sukmo Ilang,Pesawaran,ChIJc0riXbUrQS4RWLy-4d2PSKc,Puncak Bukit Cendana Pesawaran,Pesawaran,22.46,52.52,0.0
ChIJsx4h_kQrQS4R7e-7eDElAYM,Puncak Punggung Naga Sukmo Ilang,Pesawaran,ChIJjS07S4TRQC4REDO1QHeBhS4,Desa Wisata Sumberagung,Pesawaran,81.29,130.85,0.0
ChIJsx4h_kQrQS4R7e-7eDElAYM,Puncak Punggung Naga Sukmo Ilang,Pesawaran,ChIJD4R0jOfTQC4RV4gw2iaR2ls,Way Mios Gunung Batu,Pesawaran,0.0,0.0,0.0
ChIJsx4h_kQrQS4R7e-7eDElAYM,Puncak Punggung Naga Sukmo Ilang,Pesawaran,ChIJZXBd8oIqQS4RWJcEKh7cfWs,Air Terjun Anglo,Pesawaran,33.37,66.43,0.0
ChIJsx4h_kQrQS4R7e-7eDElAYM,Puncak Punggung Naga Sukmo Ilang,Pesawaran,ChIJ_0Sfqd_RQC4R5QSB12eur5g,Wisata Puncak Vietnam,Pesawaran,27.54,63.0,0.0
ChIJsx4h_kQrQS4R7e-7eDElAYM,Puncak Punggung Naga Sukmo Ilang,Pesawaran,ChIJIT_yrzbRQC4RkZRTkZbdbew,Kampoeng Vietnam,Pesawaran,0.0,0.0,0.0
ChIJsx4h_kQrQS4R7e-7eDElAYM,Puncak Punggung Naga Sukmo Ilang,Pesawaran,ChIJI57gPwDTQC4RjiqEL9jHyIQ,Banyu Langit Cottage,Pesawaran,0.0,0.0,0.0
ChIJsx4h_kQrQS4R7e-7eDElAYM,Puncak Punggung Naga Sukmo Ilang,Pesawaran,ChIJlbfh5AnRQC4Rb-xnkgq5Tkg,Air Terjun Gunung Betung,Pesawaran,28.46,65.78,0.0
ChIJsx4h_kQrQS4R7e-7eDElAYM,Puncak Punggung Naga Sukmo Ilang,Pesawaran,ChIJMX9ZWwApQS4RfOXXYJNpcrg,Air Terjun Tanah Longsor,Pesawaran,0.0,0.0,0.0
ChIJsx4h_kQrQS4R7e-7eDElAYM,Puncak Punggung Naga Sukmo Ilang,Pesawaran,ChIJIed3vDvRQC4RdGIaBDXcwEc,Tahura Wan Abdul Rachman (Gunung Betung),Pesawaran,44.14,90.97,0.0
ChIJsx4h_kQrQS4R7e-7eDElAYM,Puncak Punggung Naga Sukmo Ilang,Pesawaran,ChIJIV51KpLVQC4RGc3tog2ZGzk,Sinar Tiga Waterfall,Pesawaran,0.0,0.0,0.0
ChIJsx4h_kQrQS4R7e-7eDElAYM,Puncak Punggung Naga Sukmo Ilang,Pesawaran,ChIJ3cnTqxYrQS4RAszRazO3pCU,Bukit Lantana Harapan Jaya,Pesawaran,29.9,65.73,0.0
ChIJsx4h_kQrQS4R7e-7eDElAYM,Puncak Punggung Naga Sukmo Ilang,Pesawaran,ChIJoRmFnaorQS4ReARLKsq4O3s,Wisata Batu Ampar,Pesawaran,32.16,64.23,0.0
ChIJsx4h_kQrQS4R7e-7eDElAYM,Puncak Punggung Naga Sukmo Ilang,Pesawaran,ChIJGbOY1KTXQC4RegIFj6UbcZg,Tebing Lengkung,Pesawaran,0.0,0.0,0.0
ChIJsx4h_kQrQS4R7e-7eDElAYM,Puncak Punggung Naga Sukmo Ilang,Pesawaran,ChIJ_afy0B3TQC4R2eV6sBqQWok,Lembah Damai Gunung Batu,Pesawaran,0.0,0.0,0.0
ChIJsx4h_kQrQS4R7e-7eDElAYM,Puncak Punggung Naga Sukmo Ilang,Pesawaran,ChIJKWnsgknXQC4ROZYwvxCMS8I,Air Terjun Seribu Mimpi,Pesawaran,0.0,0.0,0.0
ChIJsx4h_kQrQS4R7e-7eDElAYM,Puncak Punggung Naga Sukmo Ilang,Pesawaran,ChIJw12SH87TQC4RcnUAv91QuNs,Taman Wisata BMJ (Bawono Maju Jaya),Pesawaran,0.0,0.0,0.0
ChIJsx4h_kQrQS4R7e-7eDElAYM,Puncak Punggung Naga Sukmo Ilang,Pesawaran,ChIJqVnn6e_QQC4R8oRLcdcBVU0,PENANGKARAN RUSA TAHURA WAN ABDUL RACHMAN LAMPUNG,Pesawaran,44.14,90.97,0.0
ChIJsx4h_kQrQS4R7e-7eDElAYM,Puncak Punggung Naga Sukmo Ilang,Pesawaran,ChIJ2-hsOHnRQC4R2tLHqw7hIuA,Camping Ground Tahura WAR,Pesawaran,38.51,76.42,0.0
ChIJsx4h_kQrQS4R7e-7eDElAYM,Puncak Punggung Naga Sukmo Ilang,Pesawaran,ChIJ6-LBOW0rQS4RZeVddkTtf_0,Bumi Perkemahan Bukit Cendana (SEWA TENDA),Pesawaran,0.0,0.0,0.0
ChIJsx4h_kQrQS4R7e-7eDElAYM,Puncak Punggung Naga Sukmo Ilang,Pesawaran,ChIJ7YZ_Jn3TQC4RqwpNsq-6ZWY,Bronjong Way LimaBumi Perkemahan Way Lima Bronjong Pesawaran,Pesawaran,11.13,33.15,0.0
ChIJ_afy0B3TQC4R2eV6sBqQWok,Lembah Damai Gunung Batu,Pesawaran,ChIJIVnmPs7URi4RsN3yHkPlUp4,Air Terjun Ciupang,Pesawaran,0.0,0.0,0.0
ChIJ_afy0B3TQC4R2eV6sBqQWok,Lembah Damai Gunung Batu,Pesawaran,ChIJCzmFx_3TQC4RjLLiJwNge-I,Wisata Air Beronjong,Pesawaran,12.51,34.82,0.0
ChIJ_afy0B3TQC4R2eV6sBqQWok,Lembah Damai Gunung Batu,Pesawaran,ChIJFQQP-XzXQC4RllvV30rEsqk,Air Terjun Talang Rabun,Pesawaran,0.0,0.0,0.0
ChIJ_afy0B3TQC4R2eV6sBqQWok,Lembah Damai Gunung Batu,Pesawaran,ChIJc0riXbUrQS4RWLy-4d2PSKc,Puncak Bukit Cendana Pesawaran,Pesawaran,22.46,52.52,0.0
ChIJ_afy0B3TQC4R2eV6sBqQWok,Lembah Damai Gunung Batu,Pesawaran,ChIJjS07S4TRQC4REDO1QHeBhS4,Desa Wisata Sumberagung,Pesawaran,81.29,130.85,0.0
ChIJ_afy0B3TQC4R2eV6sBqQWok,Lembah Damai Gunung Batu,Pesawaran,ChIJD4R0jOfTQC4RV4gw2iaR2ls,Way Mios Gunung Batu,Pesawaran,0.0,0.0,0.0
ChIJ_afy0B3TQC4R2eV6sBqQWok,Lembah Damai Gunung Batu,Pesawaran,ChIJZXBd8oIqQS4RWJcEKh7cfWs,Air Terjun Anglo,Pesawaran,33.37,66.43,0.0
ChIJ_afy0B3TQC4R2eV6sBqQWok,Lembah Damai Gunung Batu,Pesawaran,ChIJ_0Sfqd_RQC4R5QSB12eur5g,Wisata Puncak Vietnam,Pesawaran,27.54,63.0,0.0
ChIJ_afy0B3TQC4R2eV6sBqQWok,Lembah Damai Gunung Batu,Pesawaran,ChIJIT_yrzbRQC4RkZRTkZbdbew,Kampoeng Vietnam,Pesawaran,0.0,0.0,0.0
ChIJ_afy0B3TQC4R2eV6sBqQWok,Lembah Damai Gunung Batu,Pesawaran,ChIJI57gPwDTQC4RjiqEL9jHyIQ,Banyu Langit Cottage,Pesawaran,0.0,0.0,0.0
ChIJ_afy0B3TQC4R2eV6sBqQWok,Lembah Damai Gunung Batu,Pesawaran,ChIJlbfh5AnRQC4Rb-xnkgq5Tkg,Air Terjun Gunung Betung,Pesawaran,28.46,65.78,0.0
ChIJ_afy0B3TQC4R2eV6sBqQWok,Lembah Damai Gunung Batu,Pesawaran,ChIJMX9ZWwApQS4RfOXXYJNpcrg,Air Terjun Tanah Longsor,Pesawaran,0.0,0.0,0.0
ChIJ_afy0B3TQC4R2eV6sBqQWok,Lembah Damai Gunung Batu,Pesawaran,ChIJIed3vDvRQC4RdGIaBDXcwEc,Tahura Wan Abdul Rachman (Gunung Betung),Pesawaran,44.14,90.97,0.0
ChIJ_afy0B3TQC4R2eV6sBqQWok,Lembah Damai Gunung Batu,Pesawaran,ChIJIV51KpLVQC4RGc3tog2ZGzk,Sinar Tiga Waterfall,Pesawaran,0.0,0.0,0.0
ChIJ_afy0B3TQC4R2eV6sBqQWok,Lembah Damai Gunung Batu,Pesawaran,ChIJ3cnTqxYrQS4RAszRazO3pCU,Bukit Lantana Harapan Jaya,Pesawaran,29.9,65.73,0.0
ChIJ_afy0B3TQC4R2eV6sBqQWok,Lembah Damai Gunung Batu,Pesawaran,ChIJoRmFnaorQS4ReARLKsq4O3s,Wisata Batu Ampar,Pesawaran,32.16,64.23,0.0
ChIJ_afy0B3TQC4R2eV6sBqQWok,Lembah Damai Gunung Batu,Pesawaran,ChIJGbOY1KTXQC4RegIFj6UbcZg,Tebing Lengkung,Pesawaran,0.0,0.0,0.0
ChIJ_afy0B3TQC4R2eV6sBqQWok,Lembah Damai Gunung Batu,Pesawaran,ChIJsx4h_kQrQS4R7e-7eDElAYM,Puncak Punggung Naga Sukmo Ilang,Pesawaran,0.0,0.0,0.0
ChIJ_afy0B3TQC4R2eV6sBqQWok,Lembah Damai Gunung Batu,Pesawaran,ChIJKWnsgknXQC4ROZYwvxCMS8I,Air Terjun Seribu Mimpi,Pesawaran,0.0,0.0,0.0
ChIJ_afy0B3TQC4R2eV6sBqQWok,Lembah Damai Gunung Batu,Pesawaran,ChIJw12SH87TQC4RcnUAv91QuNs,Taman Wisata BMJ (Bawono Maju Jaya),Pesawaran,0.0,0.0,0.0
ChIJ_afy0B3TQC4R2eV6sBqQWok,Lembah Damai Gunung Batu,Pesawaran,ChIJqVnn6e_QQC4R8oRLcdcBVU0,PENANGKARAN RUSA TAHURA WAN ABDUL RACHMAN LAMPUNG,Pesawaran,44.14,90.97,0.0
ChIJ_afy0B3TQC4R2eV6sBqQWok,Lembah Damai Gunung Batu,Pesawaran,ChIJ2-hsOHnRQC4R2tLHqw7hIuA,Camping Ground Tahura WAR,Pesawaran,38.51,76.42,0.0
ChIJ_afy0B3TQC4R2eV6sBqQWok,Lembah Damai Gunung Batu,Pesawaran,ChIJ6-LBOW0rQS4RZeVddkTtf_0,Bumi Perkemahan Bukit Cendana (SEWA TENDA),Pesawaran,0.0,0.0,0.0
ChIJ_afy0B3TQC4R2eV6sBqQWok,Lembah Damai Gunung Batu,Pesawaran,ChIJ7YZ_Jn3TQC4RqwpNsq-6ZWY,Bronjong Way LimaBumi Perkemahan Way Lima Bronjong Pesawaran,Pesawaran,11.13,33.15,0.0
ChIJKWnsgknXQC4ROZYwvxCMS8I,Air Terjun Seribu Mimpi,Pesawaran,ChIJIVnmPs7URi4RsN3yHkPlUp4,Air Terjun Ciupang,Pesawaran,0.0,0.0,0.0
ChIJKWnsgknXQC4ROZYwvxCMS8I,Air Terjun Seribu Mimpi,Pesawaran,ChIJCzmFx_3TQC4RjLLiJwNge-I,Wisata Air Beronjong,Pesawaran,12.51,34.82,0.0
ChIJKWnsgknXQC4ROZYwvxCMS8I,Air Terjun Seribu Mimpi,Pesawaran,ChIJFQQP-XzXQC4RllvV30rEsqk,Air Terjun Talang Rabun,Pesawaran,0.0,0.0,0.0
ChIJKWnsgknXQC4ROZYwvxCMS8I,Air Terjun Seribu Mimpi,Pesawaran,ChIJc0riXbUrQS4RWLy-4d2PSKc,Puncak Bukit Cendana Pesawaran,Pesawaran,22.46,52.52,0.0
ChIJKWnsgknXQC4ROZYwvxCMS8I,Air Terjun Seribu Mimpi,Pesawaran,ChIJjS07S4TRQC4REDO1QHeBhS4,Desa Wisata Sumberagung,Pesawaran,81.29,130.85,0.0
ChIJKWnsgknXQC4ROZYwvxCMS8I,Air Terjun Seribu Mimpi,Pesawaran,ChIJD4R0jOfTQC4RV4gw2iaR2ls,Way Mios Gunung Batu,Pesawaran,0.0,0.0,0.0
ChIJKWnsgknXQC4ROZYwvxCMS8I,Air Terjun Seribu Mimpi,Pesawaran,ChIJZXBd8oIqQS4RWJcEKh7cfWs,Air Terjun Anglo,Pesawaran,33.37,66.43,0.0
ChIJKWnsgknXQC4ROZYwvxCMS8I,Air Terjun Seribu Mimpi,Pesawaran,ChIJ_0Sfqd_RQC4R5QSB12eur5g,Wisata Puncak Vietnam,Pesawaran,27.54,63.0,0.0
ChIJKWnsgknXQC4ROZYwvxCMS8I,Air Terjun Seribu Mimpi,Pesawaran,ChIJIT_yrzbRQC4RkZRTkZbdbew,Kampoeng Vietnam,Pesawaran,0.0,0.0,0.0
ChIJKWnsgknXQC4ROZYwvxCMS8I,Air Terjun Seribu Mimpi,Pesawaran,ChIJI57gPwDTQC4RjiqEL9jHyIQ,Banyu Langit Cottage,Pesawaran,0.0,0.0,0.0
ChIJKWnsgknXQC4ROZYwvxCMS8I,Air Terjun Seribu Mimpi,Pesawaran,ChIJlbfh5AnRQC4Rb-xnkgq5Tkg,Air Terjun Gunung Betung,Pesawaran,28.46,65.78,0.0
ChIJKWnsgknXQC4ROZYwvxCMS8I,Air Terjun Seribu Mimpi,Pesawaran,ChIJMX9ZWwApQS4RfOXXYJNpcrg,Air Terjun Tanah Longsor,Pesawaran,0.0,0.0,0.0
ChIJKWnsgknXQC4ROZYwvxCMS8I,Air Terjun Seribu Mimpi,Pesawaran,ChIJIed3vDvRQC4RdGIaBDXcwEc,Tahura Wan Abdul Rachman (Gunung Betung),Pesawaran,44.14,90.97,0.0
ChIJKWnsgknXQC4ROZYwvxCMS8I,Air Terjun Seribu Mimpi,Pesawaran,ChIJIV51KpLVQC4RGc3tog2ZGzk,Sinar Tiga Waterfall,Pesawaran,0.0,0.0,0.0
ChIJKWnsgknXQC4ROZYwvxCMS8I,Air Terjun Seribu Mimpi,Pesawaran,ChIJ3cnTqxYrQS4RAszRazO3pCU,Bukit Lantana Harapan Jaya,Pesawaran,29.9,65.73,0.0
ChIJKWnsgknXQC4ROZYwvxCMS8I,Air Terjun Seribu Mimpi,Pesawaran,ChIJoRmFnaorQS4ReARLKsq4O3s,Wisata Batu Ampar,Pesawaran,32.16,64.23,0.0
ChIJKWnsgknXQC4ROZYwvxCMS8I,Air Terjun Seribu Mimpi,Pesawaran,ChIJGbOY1KTXQC4RegIFj6UbcZg,Tebing Lengkung,Pesawaran,0.0,0.0,0.0
ChIJKWnsgknXQC4ROZYwvxCMS8I,Air Terjun Seribu Mimpi,Pesawaran,ChIJsx4h_kQrQS4R7e-7eDElAYM,Puncak Punggung Naga Sukmo Ilang,Pesawaran,0.0,0.0,0.0
ChIJKWnsgknXQC4ROZYwvxCMS8I,Air Terjun Seribu Mimpi,Pesawaran,ChIJ_afy0B3TQC4R2eV6sBqQWok,Lembah Damai Gunung Batu,Pesawaran,0.0,0.0,0.0
ChIJKWnsgknXQC4ROZYwvxCMS8I,Air Terjun Seribu Mimpi,Pesawaran,ChIJw12SH87TQC4RcnUAv91QuNs,Taman Wisata BMJ (Bawono Maju Jaya),Pesawaran,0.0,0.0,0.0
ChIJKWnsgknXQC4ROZYwvxCMS8I,Air Terjun Seribu Mimpi,Pesawaran,ChIJqVnn6e_QQC4R8oRLcdcBVU0,PENANGKARAN RUSA TAHURA WAN ABDUL RACHMAN LAMPUNG,Pesawaran,44.14,90.98,0.0
ChIJKWnsgknXQC4ROZYwvxCMS8I,Air Terjun Seribu Mimpi,Pesawaran,ChIJ2-hsOHnRQC4R2tLHqw7hIuA,Camping Ground Tahura WAR,Pesawaran,38.51,76.42,0.0
ChIJKWnsgknXQC4ROZYwvxCMS8I,Air Terjun Seribu Mimpi,Pesawaran,ChIJ6-LBOW0rQS4RZeVddkTtf_0,Bumi Perkemahan Bukit Cendana (SEWA TENDA),Pesawaran,0.0,0.0,0.0
ChIJKWnsgknXQC4ROZYwvxCMS8I,Air Terjun Seribu Mimpi,Pesawaran,ChIJ7YZ_Jn3TQC4RqwpNsq-6ZWY,Bronjong Way LimaBumi Perkemahan Way Lima Bronjong Pesawaran,Pesawaran,11.13,33.15,0.0
ChIJw12SH87TQC4RcnUAv91QuNs,Taman Wisata BMJ (Bawono Maju Jaya),Pesawaran,ChIJIVnmPs7URi4RsN3yHkPlUp4,Air Terjun Ciupang,Pesawaran,0.0,0.0,0.0
ChIJw12SH87TQC4RcnUAv91QuNs,Taman Wisata BMJ (Bawono Maju Jaya),Pesawaran,ChIJCzmFx_3TQC4RjLLiJwNge-I,Wisata Air Beronjong,Pesawaran,12.51,34.82,0.0
ChIJw12SH87TQC4RcnUAv91QuNs,Taman Wisata BMJ (Bawono Maju Jaya),Pesawaran,ChIJFQQP-XzXQC4RllvV30rEsqk,Air Terjun Talang Rabun,Pesawaran,0.0,0.0,0.0
ChIJw12SH87TQC4RcnUAv91QuNs,Taman Wisata BMJ (Bawono Maju Jaya),Pesawaran,ChIJc0riXbUrQS4RWLy-4d2PSKc,Puncak Bukit Cendana Pesawaran,Pesawaran,22.46,52.52,0.0
ChIJw12SH87TQC4RcnUAv91QuNs,Taman Wisata BMJ (Bawono Maju Jaya),Pesawaran,ChIJjS07S4TRQC4REDO1QHeBhS4,Desa Wisata Sumberagung,Pesawaran,81.29,130.85,0.0
ChIJw12SH87TQC4RcnUAv91QuNs,Taman Wisata BMJ (Bawono Maju Jaya),Pesawaran,ChIJD4R0jOfTQC4RV4gw2iaR2ls,Way Mios Gunung Batu,Pesawaran,0.0,0.0,0.0
ChIJw12SH87TQC4RcnUAv91QuNs,Taman Wisata BMJ (Bawono Maju Jaya),Pesawaran,ChIJZXBd8oIqQS4RWJcEKh7cfWs,Air Terjun Anglo,Pesawaran,33.37,66.43,0.0
ChIJw12SH87TQC4RcnUAv91QuNs,Taman Wisata BMJ (Bawono Maju Jaya),Pesawaran,ChIJ_0Sfqd_RQC4R5QSB12eur5g,Wisata Puncak Vietnam,Pesawaran,27.54,63.0,0.0
ChIJw12SH87TQC4RcnUAv91QuNs,Taman Wisata BMJ (Bawono Maju Jaya),Pesawaran,ChIJIT_yrzbRQC4RkZRTkZbdbew,Kampoeng Vietnam,Pesawaran,0.0,0.0,0.0
ChIJw12SH87TQC4RcnUAv91QuNs,Taman Wisata BMJ (Bawono Maju Jaya),Pesawaran,ChIJI57gPwDTQC4RjiqEL9jHyIQ,Banyu Langit Cottage,Pesawaran,0.0,0.0,0.0
ChIJw12SH87TQC4RcnUAv91QuNs,Taman Wisata BMJ (Bawono Maju Jaya),Pesawaran,ChIJlbfh5AnRQC4Rb-xnkgq5Tkg,Air Terjun Gunung Betung,Pesawaran,28.46,65.78,0.0
ChIJw12SH87TQC4RcnUAv91QuNs,Taman Wisata BMJ (Bawono Maju Jaya),Pesawaran,ChIJMX9ZWwApQS4RfOXXYJNpcrg,Air Terjun Tanah Longsor,Pesawaran,0.0,0.0,0.0
ChIJw12SH87TQC4RcnUAv91QuNs,Taman Wisata BMJ (Bawono Maju Jaya),Pesawaran,ChIJIed3vDvRQC4RdGIaBDXcwEc,Tahura Wan Abdul Rachman (Gunung Betung),Pesawaran,44.14,90.98,0.0
ChIJw12SH87TQC4RcnUAv91QuNs,Taman Wisata BMJ (Bawono Maju Jaya),Pesawaran,ChIJIV51KpLVQC4RGc3tog2ZGzk,Sinar Tiga Waterfall,Pesawaran,0.0,0.0,0.0
ChIJw12SH87TQC4RcnUAv91QuNs,Taman Wisata BMJ (Bawono Maju Jaya),Pesawaran,ChIJ3cnTqxYrQS4RAszRazO3pCU,Bukit Lantana Harapan Jaya,Pesawaran,29.9,65.73,0.0
ChIJw12SH87TQC4RcnUAv91QuNs,Taman Wisata BMJ (Bawono Maju Jaya),Pesawaran,ChIJoRmFnaorQS4ReARLKsq4O3s,Wisata Batu Ampar,Pesawaran,32.16,64.23,0.0
ChIJw12SH87TQC4RcnUAv91QuNs,Taman Wisata BMJ (Bawono Maju Jaya),Pesawaran,ChIJGbOY1KTXQC4RegIFj6UbcZg,Tebing Lengkung,Pesawaran,0.0,0.0,0.0
ChIJw12SH87TQC4RcnUAv91QuNs,Taman Wisata BMJ (Bawono Maju Jaya),Pesawaran,ChIJsx4h_kQrQS4R7e-7eDElAYM,Puncak Punggung Naga Sukmo Ilang,Pesawaran,0.0,0.0,0.0
ChIJw12SH87TQC4RcnUAv91QuNs,Taman Wisata BMJ (Bawono Maju Jaya),Pesawaran,ChIJ_afy0B3TQC4R2eV6sBqQWok,Lembah Damai Gunung Batu,Pesawaran,0.0,0.0,0.0
ChIJw12SH87TQC4RcnUAv91QuNs,Taman Wisata BMJ (Bawono Maju Jaya),Pesawaran,ChIJKWnsgknXQC4ROZYwvxCMS8I,Air Terjun Seribu Mimpi,Pesawaran,0.0,0.0,0.0
ChIJw12SH87TQC4RcnUAv91QuNs,Taman Wisata BMJ (Bawono Maju Jaya),Pesawaran,ChIJqVnn6e_QQC4R8oRLcdcBVU0,PENANGKARAN RUSA TAHURA WAN ABDUL RACHMAN LAMPUNG,Pesawaran,44.14,90.98,0.0
ChIJw12SH87TQC4RcnUAv91QuNs,Taman Wisata BMJ (Bawono Maju Jaya),Pesawaran,ChIJ2-hsOHnRQC4R2tLHqw7hIuA,Camping Ground Tahura WAR,Pesawaran,38.51,76.42,0.0
ChIJw12SH87TQC4RcnUAv91QuNs,Taman Wisata BMJ (Bawono Maju Jaya),Pesawaran,ChIJ6-LBOW0rQS4RZeVddkTtf_0,Bumi Perkemahan Bukit Cendana (SEWA TENDA),Pesawaran,0.0,0.0,0.0
ChIJw12SH87TQC4RcnUAv91QuNs,Taman Wisata BMJ (Bawono Maju Jaya),Pesawaran,ChIJ7YZ_Jn3TQC4RqwpNsq-6ZWY,Bronjong Way LimaBumi Perkemahan Way Lima Bronjong Pesawaran,Pesawaran,11.13,33.15,0.0
ChIJqVnn6e_QQC4R8oRLcdcBVU0,PENANGKARAN RUSA TAHURA WAN ABDUL RACHMAN LAMPUNG,Pesawaran,ChIJIVnmPs7URi4RsN3yHkPlUp4,Air Terjun Ciupang,Pesawaran,44.6,89.68,0.0
ChIJqVnn6e_QQC4R8oRLcdcBVU0,PENANGKARAN RUSA TAHURA WAN ABDUL RACHMAN LAMPUNG,Pesawaran,ChIJCzmFx_3TQC4RjLLiJwNge-I,Wisata Air Beronjong,Pesawaran,44.33,85.6,0.0
ChIJqVnn6e_QQC4R8oRLcdcBVU0,PENANGKARAN RUSA TAHURA WAN ABDUL RACHMAN LAMPUNG,Pesawaran,ChIJFQQP-XzXQC4RllvV30rEsqk,Air Terjun Talang Rabun,Pesawaran,44.6,89.7,0.0
ChIJqVnn6e_QQC4R8oRLcdcBVU0,PENANGKARAN RUSA TAHURA WAN ABDUL RACHMAN LAMPUNG,Pesawaran,ChIJc0riXbUrQS4RWLy-4d2PSKc,Puncak Bukit Cendana Pesawaran,Pesawaran,54.52,88.12,0.0
ChIJqVnn6e_QQC4R8oRLcdcBVU0,PENANGKARAN RUSA TAHURA WAN ABDUL RACHMAN LAMPUNG,Pesawaran,ChIJjS07S4TRQC4REDO1QHeBhS4,Desa Wisata Sumberagung,Pesawaran,50.22,99.52,0.0
ChIJqVnn6e_QQC4R8oRLcdcBVU0,PENANGKARAN RUSA TAHURA WAN ABDUL RACHMAN LAMPUNG,Pesawaran,ChIJD4R0jOfTQC4RV4gw2iaR2ls,Way Mios Gunung Batu,Pesawaran,44.6,89.7,0.0
ChIJqVnn6e_QQC4R8oRLcdcBVU0,PENANGKARAN RUSA TAHURA WAN ABDUL RACHMAN LAMPUNG,Pesawaran,ChIJZXBd8oIqQS4RWJcEKh7cfWs,Air Terjun Anglo,Pesawaran,42.4,65.27,0.0
ChIJqVnn6e_QQC4R8oRLcdcBVU0,PENANGKARAN RUSA TAHURA WAN ABDUL RACHMAN LAMPUNG,Pesawaran,ChIJ_0Sfqd_RQC4R5QSB12eur5g,Wisata Puncak Vietnam,Pesawaran,19.52,39.08,0.0
ChIJqVnn6e_QQC4R8oRLcdcBVU0,PENANGKARAN RUSA TAHURA WAN ABDUL RACHMAN LAMPUNG,Pesawaran,ChIJIT_yrzbRQC4RkZRTkZbdbew,Kampoeng Vietnam,Pesawaran,44.6,89.7,0.0
ChIJqVnn6e_QQC4R8oRLcdcBVU0,PENANGKARAN RUSA TAHURA WAN ABDUL RACHMAN LAMPUNG,Pesawaran,ChIJI57gPwDTQC4RjiqEL9jHyIQ,Banyu Langit Cottage,Pesawaran,44.6,89.7,0.0
ChIJqVnn6e_QQC4R8oRLcdcBVU0,PENANGKARAN RUSA TAHURA WAN ABDUL RACHMAN LAMPUNG,Pesawaran,ChIJlbfh5AnRQC4Rb-xnkgq5Tkg,Air Terjun Gunung Betung,Pesawaran,19.07,38.75,0.0
ChIJqVnn6e_QQC4R8oRLcdcBVU0,PENANGKARAN RUSA TAHURA WAN ABDUL RACHMAN LAMPUNG,Pesawaran,ChIJMX9ZWwApQS4RfOXXYJNpcrg,Air Terjun Tanah Longsor,Pesawaran,44.6,89.7,0.0
ChIJqVnn6e_QQC4R8oRLcdcBVU0,PENANGKARAN RUSA TAHURA WAN ABDUL RACHMAN LAMPUNG,Pesawaran,ChIJIed3vDvRQC4RdGIaBDXcwEc,Tahura Wan Abdul Rachman (Gunung Betung),Pesawaran,0.0,0.0,0.0
ChIJqVnn6e_QQC4R8oRLcdcBVU0,PENANGKARAN RUSA TAHURA WAN ABDUL RACHMAN LAMPUNG,Pesawaran,ChIJIV51KpLVQC4RGc3tog2ZGzk,Sinar Tiga Waterfall,Pesawaran,44.6,89.7,0.0
ChIJqVnn6e_QQC4R8oRLcdcBVU0,PENANGKARAN RUSA TAHURA WAN ABDUL RACHMAN LAMPUNG,Pesawaran,ChIJ3cnTqxYrQS4RAszRazO3pCU,Bukit Lantana Harapan Jaya,Pesawaran,54.14,89.63,0.0
ChIJqVnn6e_QQC4R8oRLcdcBVU0,PENANGKARAN RUSA TAHURA WAN ABDUL RACHMAN LAMPUNG,Pesawaran,ChIJoRmFnaorQS4ReARLKsq4O3s,Wisata Batu Ampar,Pesawaran,43.62,67.43,0.0
ChIJqVnn6e_QQC4R8oRLcdcBVU0,PENANGKARAN RUSA TAHURA WAN ABDUL RACHMAN LAMPUNG,Pesawaran,ChIJGbOY1KTXQC4RegIFj6UbcZg,Tebing Lengkung,Pesawaran,44.6,89.7,0.0
ChIJqVnn6e_QQC4R8oRLcdcBVU0,PENANGKARAN RUSA TAHURA WAN ABDUL RACHMAN LAMPUNG,Pesawaran,ChIJsx4h_kQrQS4R7e-7eDElAYM,Puncak Punggung Naga Sukmo Ilang,Pesawaran,44.6,89.7,0.0
ChIJqVnn6e_QQC4R8oRLcdcBVU0,PENANGKARAN RUSA TAHURA WAN ABDUL RACHMAN LAMPUNG,Pesawaran,ChIJ_afy0B3TQC4R2eV6sBqQWok,Lembah Damai Gunung Batu,Pesawaran,44.6,89.7,0.0
ChIJqVnn6e_QQC4R8oRLcdcBVU0,PENANGKARAN RUSA TAHURA WAN ABDUL RACHMAN LAMPUNG,Pesawaran,ChIJKWnsgknXQC4ROZYwvxCMS8I,Air Terjun Seribu Mimpi,Pesawaran,44.6,89.7,0.0
ChIJqVnn6e_QQC4R8oRLcdcBVU0,PENANGKARAN RUSA TAHURA WAN ABDUL RACHMAN LAMPUNG,Pesawaran,ChIJw12SH87TQC4RcnUAv91QuNs,Taman Wisata BMJ (Bawono Maju Jaya),Pesawaran,44.6,89.7,0.0
ChIJqVnn6e_QQC4R8oRLcdcBVU0,PENANGKARAN RUSA TAHURA WAN ABDUL RACHMAN LAMPUNG,Pesawaran,ChIJ2-hsOHnRQC4R2tLHqw7hIuA,Camping Ground Tahura WAR,Pesawaran,21.06,44.52,0.0
ChIJqVnn6e_QQC4R8oRLcdcBVU0,PENANGKARAN RUSA TAHURA WAN ABDUL RACHMAN LAMPUNG,Pesawaran,ChIJ6-LBOW0rQS4RZeVddkTtf_0,Bumi Perkemahan Bukit Cendana (SEWA TENDA),Pesawaran,44.6,89.7,0.0
ChIJqVnn6e_QQC4R8oRLcdcBVU0,PENANGKARAN RUSA TAHURA WAN ABDUL RACHMAN LAMPUNG,Pesawaran,ChIJ7YZ_Jn3TQC4RqwpNsq-6ZWY,Bronjong Way LimaBumi Perkemahan Way Lima Bronjong Pesawaran,Pesawaran,42.95,83.97,0.0
ChIJ2-hsOHnRQC4R2tLHqw7hIuA,Camping Ground Tahura WAR,Pesawaran,ChIJIVnmPs7URi4RsN3yHkPlUp4,Air Terjun Ciupang,Pesawaran,39.69,77.57,1.63
ChIJ2-hsOHnRQC4R2tLHqw7hIuA,Camping Ground Tahura WAR,Pesawaran,ChIJCzmFx_3TQC4RjLLiJwNge-I,Wisata Air Beronjong,Pesawaran,39.41,73.48,1.63
ChIJ2-hsOHnRQC4R2tLHqw7hIuA,Camping Ground Tahura WAR,Pesawaran,ChIJFQQP-XzXQC4RllvV30rEsqk,Air Terjun Talang Rabun,Pesawaran,39.69,77.57,1.63
ChIJ2-hsOHnRQC4R2tLHqw7hIuA,Camping Ground Tahura WAR,Pesawaran,ChIJc0riXbUrQS4RWLy-4d2PSKc,Puncak Bukit Cendana Pesawaran,Pesawaran,49.36,91.3,1.63
ChIJ2-hsOHnRQC4R2tLHqw7hIuA,Camping Ground Tahura WAR,Pesawaran,ChIJjS07S4TRQC4REDO1QHeBhS4,Desa Wisata Sumberagung,Pesawaran,34.87,63.5,0.0
ChIJ2-hsOHnRQC4R2tLHqw7hIuA,Camping Ground Tahura WAR,Pesawaran,ChIJD4R0jOfTQC4RV4gw2iaR2ls,Way Mios Gunung Batu,Pesawaran,39.69,77.57,1.63
ChIJ2-hsOHnRQC4R2tLHqw7hIuA,Camping Ground Tahura WAR,Pesawaran,ChIJZXBd8oIqQS4RWJcEKh7cfWs,Air Terjun Anglo,Pesawaran,60.27,105.23,1.63
ChIJ2-hsOHnRQC4R2tLHqw7hIuA,Camping Ground Tahura WAR,Pesawaran,ChIJ_0Sfqd_RQC4R5QSB12eur5g,Wisata Puncak Vietnam,Pesawaran,20.76,45.27,0.0
ChIJ2-hsOHnRQC4R2tLHqw7hIuA,Camping Ground Tahura WAR,Pesawaran,ChIJIT_yrzbRQC4RkZRTkZbdbew,Kampoeng Vietnam,Pesawaran,39.69,77.57,1.63
ChIJ2-hsOHnRQC4R2tLHqw7hIuA,Camping Ground Tahura WAR,Pesawaran,ChIJI57gPwDTQC4RjiqEL9jHyIQ,Banyu Langit Cottage,Pesawaran,39.69,77.57,1.63
ChIJ2-hsOHnRQC4R2tLHqw7hIuA,Camping Ground Tahura WAR,Pesawaran,ChIJlbfh5AnRQC4Rb-xnkgq5Tkg,Air Terjun Gunung Betung,Pesawaran,20.32,44.92,0.0
ChIJ2-hsOHnRQC4R2tLHqw7hIuA,Camping Ground Tahura WAR,Pesawaran,ChIJMX9ZWwApQS4RfOXXYJNpcrg,Air Terjun Tanah Longsor,Pesawaran,39.69,77.57,1.63
ChIJ2-hsOHnRQC4R2tLHqw7hIuA,Camping Ground Tahura WAR,Pesawaran,ChIJIed3vDvRQC4RdGIaBDXcwEc,Tahura Wan Abdul Rachman (Gunung Betung),Pesawaran,19.59,41.28,0.0
ChIJ2-hsOHnRQC4R2tLHqw7hIuA,Camping Ground Tahura WAR,Pesawaran,ChIJIV51KpLVQC4RGc3tog2ZGzk,Sinar Tiga Waterfall,Pesawaran,39.69,77.57,1.63
ChIJ2-hsOHnRQC4R2tLHqw7hIuA,Camping Ground Tahura WAR,Pesawaran,ChIJ3cnTqxYrQS4RAszRazO3pCU,Bukit Lantana Harapan Jaya,Pesawaran,56.8,104.52,1.63
ChIJ2-hsOHnRQC4R2tLHqw7hIuA,Camping Ground Tahura WAR,Pesawaran,ChIJoRmFnaorQS4ReARLKsq4O3s,Wisata Batu Ampar,Pesawaran,59.06,103.03,1.63
ChIJ2-hsOHnRQC4R2tLHqw7hIuA,Camping Ground Tahura WAR,Pesawaran,ChIJGbOY1KTXQC4RegIFj6UbcZg,Tebing Lengkung,Pesawaran,39.69,77.57,1.63
ChIJ2-hsOHnRQC4R2tLHqw7hIuA,Camping Ground Tahura WAR,Pesawaran,ChIJsx4h_kQrQS4R7e-7eDElAYM,Puncak Punggung Naga Sukmo Ilang,Pesawaran,39.69,77.57,1.63
ChIJ2-hsOHnRQC4R2tLHqw7hIuA,Camping Ground Tahura WAR,Pesawaran,ChIJ_afy0B3TQC4R2eV6sBqQWok,Lembah Damai Gunung Batu,Pesawaran,39.69,77.57,1.63
ChIJ2-hsOHnRQC4R2tLHqw7hIuA,Camping Ground Tahura WAR,Pesawaran,ChIJKWnsgknXQC4ROZYwvxCMS8I,Air Terjun Seribu Mimpi,Pesawaran,39.69,77.57,1.63
ChIJ2-hsOHnRQC4R2tLHqw7hIuA,Camping Ground Tahura WAR,Pesawaran,ChIJw12SH87TQC4RcnUAv91QuNs,Taman Wisata BMJ (Bawono Maju Jaya),Pesawaran,39.69,77.57,1.63
ChIJ2-hsOHnRQC4R2tLHqw7hIuA,Camping Ground Tahura WAR,Pesawaran,ChIJqVnn6e_QQC4R8oRLcdcBVU0,PENANGKARAN RUSA TAHURA WAN ABDUL RACHMAN LAMPUNG,Pesawaran,19.59,41.28,0.0
ChIJ2-hsOHnRQC4R2tLHqw7hIuA,Camping Ground Tahura WAR,Pesawaran,ChIJ6-LBOW0rQS4RZeVddkTtf_0,Bumi Perkemahan Bukit Cendana (SEWA TENDA),Pesawaran,39.69,77.57,1.63
ChIJ2-hsOHnRQC4R2tLHqw7hIuA,Camping Ground Tahura WAR,Pesawaran,ChIJ7YZ_Jn3TQC4RqwpNsq-6ZWY,Bronjong Way LimaBumi Perkemahan Way Lima Bronjong Pesawaran,Pesawaran,38.03,71.85,1.63
ChIJ6-LBOW0rQS4RZeVddkTtf_0,Bumi Perkemahan Bukit Cendana (SEWA TENDA),Pesawaran,ChIJIVnmPs7URi4RsN3yHkPlUp4,Air Terjun Ciupang,Pesawaran,0.0,0.0,0.0
ChIJ6-LBOW0rQS4RZeVddkTtf_0,Bumi Perkemahan Bukit Cendana (SEWA TENDA),Pesawaran,ChIJCzmFx_3TQC4RjLLiJwNge-I,Wisata Air Beronjong,Pesawaran,12.51,34.82,0.0
ChIJ6-LBOW0rQS4RZeVddkTtf_0,Bumi Perkemahan Bukit Cendana (SEWA TENDA),Pesawaran,ChIJFQQP-XzXQC4RllvV30rEsqk,Air Terjun Talang Rabun,Pesawaran,0.0,0.0,0.0
ChIJ6-LBOW0rQS4RZeVddkTtf_0,Bumi Perkemahan Bukit Cendana (SEWA TENDA),Pesawaran,ChIJc0riXbUrQS4RWLy-4d2PSKc,Puncak Bukit Cendana Pesawaran,Pesawaran,22.46,52.52,0.0
ChIJ6-LBOW0rQS4RZeVddkTtf_0,Bumi Perkemahan Bukit Cendana (SEWA TENDA),Pesawaran,ChIJjS07S4TRQC4REDO1QHeBhS4,Desa Wisata Sumberagung,Pesawaran,81.29,130.85,0.0
ChIJ6-LBOW0rQS4RZeVddkTtf_0,Bumi Perkemahan Bukit Cendana (SEWA TENDA),Pesawaran,ChIJD4R0jOfTQC4RV4gw2iaR2ls,Way Mios Gunung Batu,Pesawaran,0.0,0.0,0.0
ChIJ6-LBOW0rQS4RZeVddkTtf_0,Bumi Perkemahan Bukit Cendana (SEWA TENDA),Pesawaran,ChIJZXBd8oIqQS4RWJcEKh7cfWs,Air Terjun Anglo,Pesawaran,33.37,66.43,0.0
ChIJ6-LBOW0rQS4RZeVddkTtf_0,Bumi Perkemahan Bukit Cendana (SEWA TENDA),Pesawaran,ChIJ_0Sfqd_RQC4R5QSB12eur5g,Wisata Puncak Vietnam,Pesawaran,27.54,63.0,0.0
ChIJ6-LBOW0rQS4RZeVddkTtf_0,Bumi Perkemahan Bukit Cendana (SEWA TENDA),Pesawaran,ChIJIT_yrzbRQC4RkZRTkZbdbew,Kampoeng Vietnam,Pesawaran,0.0,0.0,0.0
ChIJ6-LBOW0rQS4RZeVddkTtf_0,Bumi Perkemahan Bukit Cendana (SEWA TENDA),Pesawaran,ChIJI57gPwDTQC4RjiqEL9jHyIQ,Banyu Langit Cottage,Pesawaran,0.0,0.0,0.0
ChIJ6-LBOW0rQS4RZeVddkTtf_0,Bumi Perkemahan Bukit Cendana (SEWA TENDA),Pesawaran,ChIJlbfh5AnRQC4Rb-xnkgq5Tkg,Air Terjun Gunung Betung,Pesawaran,28.46,65.78,0.0
ChIJ6-LBOW0rQS4RZeVddkTtf_0,Bumi Perkemahan Bukit Cendana (SEWA TENDA),Pesawaran,ChIJMX9ZWwApQS4RfOXXYJNpcrg,Air Terjun Tanah Longsor,Pesawaran,0.0,0.0,0.0
ChIJ6-LBOW0rQS4RZeVddkTtf_0,Bumi Perkemahan Bukit Cendana (SEWA TENDA),Pesawaran,ChIJIed3vDvRQC4RdGIaBDXcwEc,Tahura Wan Abdul Rachman (Gunung Betung),Pesawaran,44.14,90.98,0.0
ChIJ6-LBOW0rQS4RZeVddkTtf_0,Bumi Perkemahan Bukit Cendana (SEWA TENDA),Pesawaran,ChIJIV51KpLVQC4RGc3tog2ZGzk,Sinar Tiga Waterfall,Pesawaran,0.0,0.0,0.0
ChIJ6-LBOW0rQS4RZeVddkTtf_0,Bumi Perkemahan Bukit Cendana (SEWA TENDA),Pesawaran,ChIJ3cnTqxYrQS4RAszRazO3pCU,Bukit Lantana Harapan Jaya,Pesawaran,29.9,65.73,0.0
ChIJ6-LBOW0rQS4RZeVddkTtf_0,Bumi Perkemahan Bukit Cendana (SEWA TENDA),Pesawaran,ChIJoRmFnaorQS4ReARLKsq4O3s,Wisata Batu Ampar,Pesawaran,32.16,64.23,0.0
ChIJ6-LBOW0rQS4RZeVddkTtf_0,Bumi Perkemahan Bukit Cendana (SEWA TENDA),Pesawaran,ChIJGbOY1KTXQC4RegIFj6UbcZg,Tebing Lengkung,Pesawaran,0.0,0.0,0.0
ChIJ6-LBOW0rQS4RZeVddkTtf_0,Bumi Perkemahan Bukit Cendana (SEWA TENDA),Pesawaran,ChIJsx4h_kQrQS4R7e-7eDElAYM,Puncak Punggung Naga Sukmo Ilang,Pesawaran,0.0,0.0,0.0
ChIJ6-LBOW0rQS4RZeVddkTtf_0,Bumi Perkemahan Bukit Cendana (SEWA TENDA),Pesawaran,ChIJ_afy0B3TQC4R2eV6sBqQWok,Lembah Damai Gunung Batu,Pesawaran,0.0,0.0,0.0
ChIJ6-LBOW0rQS4RZeVddkTtf_0,Bumi Perkemahan Bukit Cendana (SEWA TENDA),Pesawaran,ChIJKWnsgknXQC4ROZYwvxCMS8I,Air Terjun Seribu Mimpi,Pesawaran,0.0,0.0,0.0
ChIJ6-LBOW0rQS4RZeVddkTtf_0,Bumi Perkemahan Bukit Cendana (SEWA TENDA),Pesawaran,ChIJw12SH87TQC4RcnUAv91QuNs,Taman Wisata BMJ (Bawono Maju Jaya),Pesawaran,0.0,0.0,0.0
ChIJ6-LBOW0rQS4RZeVddkTtf_0,Bumi Perkemahan Bukit Cendana (SEWA TENDA),Pesawaran,ChIJqVnn6e_QQC4R8oRLcdcBVU0,PENANGKARAN RUSA TAHURA WAN ABDUL RACHMAN LAMPUNG,Pesawaran,44.14,91.0,0.0
ChIJ6-LBOW0rQS4RZeVddkTtf_0,Bumi Perkemahan Bukit Cendana (SEWA TENDA),Pesawaran,ChIJ2-hsOHnRQC4R2tLHqw7hIuA,Camping Ground Tahura WAR,Pesawaran,38.51,76.42,0.0
ChIJ6-LBOW0rQS4RZeVddkTtf_0,Bumi Perkemahan Bukit Cendana (SEWA TENDA),Pesawaran,ChIJ7YZ_Jn3TQC4RqwpNsq-6ZWY,Bronjong Way LimaBumi Perkemahan Way Lima Bronjong Pesawaran,Pesawaran,11.13,33.15,0.0
ChIJ7YZ_Jn3TQC4RqwpNsq-6ZWY,Bronjong Way LimaBumi Perkemahan Way Lima Bronjong Pesawaran,Pesawaran,ChIJIVnmPs7URi4RsN3yHkPlUp4,Air Terjun Ciupang,Pesawaran,11.12,33.08,0.0
ChIJ7YZ_Jn3TQC4RqwpNsq-6ZWY,Bronjong Way LimaBumi Perkemahan Way Lima Bronjong Pesawaran,Pesawaran,ChIJCzmFx_3TQC4RjLLiJwNge-I,Wisata Air Beronjong,Pesawaran,3.1,11.08,0.0
ChIJ7YZ_Jn3TQC4RqwpNsq-6ZWY,Bronjong Way LimaBumi Perkemahan Way Lima Bronjong Pesawaran,Pesawaran,ChIJFQQP-XzXQC4RllvV30rEsqk,Air Terjun Talang Rabun,Pesawaran,11.12,33.08,0.0
ChIJ7YZ_Jn3TQC4RqwpNsq-6ZWY,Bronjong Way LimaBumi Perkemahan Way Lima Bronjong Pesawaran,Pesawaran,ChIJc0riXbUrQS4RWLy-4d2PSKc,Puncak Bukit Cendana Pesawaran,Pesawaran,15.48,38.58,0.0
ChIJ7YZ_Jn3TQC4RqwpNsq-6ZWY,Bronjong Way LimaBumi Perkemahan Way Lima Bronjong Pesawaran,Pesawaran,ChIJjS07S4TRQC4REDO1QHeBhS4,Desa Wisata Sumberagung,Pesawaran,79.61,124.92,0.0
ChIJ7YZ_Jn3TQC4RqwpNsq-6ZWY,Bronjong Way LimaBumi Perkemahan Way Lima Bronjong Pesawaran,Pesawaran,ChIJD4R0jOfTQC4RV4gw2iaR2ls,Way Mios Gunung Batu,Pesawaran,11.12,33.08,0.0
ChIJ7YZ_Jn3TQC4RqwpNsq-6ZWY,Bronjong Way LimaBumi Perkemahan Way Lima Bronjong Pesawaran,Pesawaran,ChIJZXBd8oIqQS4RWJcEKh7cfWs,Air Terjun Anglo,Pesawaran,26.39,52.48,0.0
ChIJ7YZ_Jn3TQC4RqwpNsq-6ZWY,Bronjong Way LimaBumi Perkemahan Way Lima Bronjong Pesawaran,Pesawaran,ChIJ_0Sfqd_RQC4R5QSB12eur5g,Wisata Puncak Vietnam,Pesawaran,25.86,57.08,0.0
ChIJ7YZ_Jn3TQC4RqwpNsq-6ZWY,Bronjong Way LimaBumi Perkemahan Way Lima Bronjong Pesawaran,Pesawaran,ChIJIT_yrzbRQC4RkZRTkZbdbew,Kampoeng Vietnam,Pesawaran,11.12,33.08,0.0
ChIJ7YZ_Jn3TQC4RqwpNsq-6ZWY,Bronjong Way LimaBumi Perkemahan Way Lima Bronjong Pesawaran,Pesawaran,ChIJI57gPwDTQC4RjiqEL9jHyIQ,Banyu Langit Cottage,Pesawaran,11.12,33.08,0.0
ChIJ7YZ_Jn3TQC4RqwpNsq-6ZWY,Bronjong Way LimaBumi Perkemahan Way Lima Bronjong Pesawaran,Pesawaran,ChIJlbfh5AnRQC4Rb-xnkgq5Tkg,Air Terjun Gunung Betung,Pesawaran,26.79,59.87,0.0
ChIJ7YZ_Jn3TQC4RqwpNsq-6ZWY,Bronjong Way LimaBumi Perkemahan Way Lima Bronjong Pesawaran,Pesawaran,ChIJMX9ZWwApQS4RfOXXYJNpcrg,Air Terjun Tanah Longsor,Pesawaran,11.12,33.08,0.0
ChIJ7YZ_Jn3TQC4RqwpNsq-6ZWY,Bronjong Way LimaBumi Perkemahan Way Lima Bronjong Pesawaran,Pesawaran,ChIJIed3vDvRQC4RdGIaBDXcwEc,Tahura Wan Abdul Rachman (Gunung Betung),Pesawaran,42.47,84.98,0.0
ChIJ7YZ_Jn3TQC4RqwpNsq-6ZWY,Bronjong Way LimaBumi Perkemahan Way Lima Bronjong Pesawaran,Pesawaran,ChIJIV51KpLVQC4RGc3tog2ZGzk,Sinar Tiga Waterfall,Pesawaran,11.12,33.08,0.0
ChIJ7YZ_Jn3TQC4RqwpNsq-6ZWY,Bronjong Way LimaBumi Perkemahan Way Lima Bronjong Pesawaran,Pesawaran,ChIJ3cnTqxYrQS4RAszRazO3pCU,Bukit Lantana Harapan Jaya,Pesawaran,22.93,51.78,0.0
ChIJ7YZ_Jn3TQC4RqwpNsq-6ZWY,Bronjong Way LimaBumi Perkemahan Way Lima Bronjong Pesawaran,Pesawaran,ChIJoRmFnaorQS4ReARLKsq4O3s,Wisata Batu Ampar,Pesawaran,25.18,50.28,0.0
ChIJ7YZ_Jn3TQC4RqwpNsq-6ZWY,Bronjong Way LimaBumi Perkemahan Way Lima Bronjong Pesawaran,Pesawaran,ChIJGbOY1KTXQC4RegIFj6UbcZg,Tebing Lengkung,Pesawaran,11.12,33.08,0.0
ChIJ7YZ_Jn3TQC4RqwpNsq-6ZWY,Bronjong Way LimaBumi Perkemahan Way Lima Bronjong Pesawaran,Pesawaran,ChIJsx4h_kQrQS4R7e-7eDElAYM,Puncak Punggung Naga Sukmo Ilang,Pesawaran,11.12,33.08,0.0
ChIJ7YZ_Jn3TQC4RqwpNsq-6ZWY,Bronjong Way LimaBumi Perkemahan Way Lima Bronjong Pesawaran,Pesawaran,ChIJ_afy0B3TQC4R2eV6sBqQWok,Lembah Damai Gunung Batu,Pesawaran,11.12,33.08,0.0
ChIJ7YZ_Jn3TQC4RqwpNsq-6ZWY,Bronjong Way LimaBumi Perkemahan Way Lima Bronjong Pesawaran,Pesawaran,ChIJKWnsgknXQC4ROZYwvxCMS8I,Air Terjun Seribu Mimpi,Pesawaran,11.12,33.08,0.0
ChIJ7YZ_Jn3TQC4RqwpNsq-6ZWY,Bronjong Way LimaBumi Perkemahan Way Lima Bronjong Pesawaran,Pesawaran,ChIJw12SH87TQC4RcnUAv91QuNs,Taman Wisata BMJ (Bawono Maju Jaya),Pesawaran,11.12,33.08,0.0
ChIJ7YZ_Jn3TQC4RqwpNsq-6ZWY,Bronjong Way LimaBumi Perkemahan Way Lima Bronjong Pesawaran,Pesawaran,ChIJqVnn6e_QQC4R8oRLcdcBVU0,PENANGKARAN RUSA TAHURA WAN ABDUL RACHMAN LAMPUNG,Pesawaran,42.47,84.98,0.0
ChIJ7YZ_Jn3TQC4RqwpNsq-6ZWY,Bronjong Way LimaBumi Perkemahan Way Lima Bronjong Pesawaran,Pesawaran,ChIJ2-hsOHnRQC4R2tLHqw7hIuA,Camping Ground Tahura WAR,Pesawaran,36.84,70.42,0.0
ChIJ7YZ_Jn3TQC4RqwpNsq-6ZWY,Bronjong Way LimaBumi Perkemahan Way Lima Bronjong Pesawaran,Pesawaran,ChIJ6-LBOW0rQS4RZeVddkTtf_0,Bumi Perkemahan Bukit Cendana (SEWA TENDA),Pesawaran,11.12,33.08,0.0
